month,store id,Store Name ,market zone,store type,Store Size,Hours,Boxes,New All,New Voice,Upg,React,SOR,PPD,Box/Hr,Acc $,Acc Qty,Acc/PPD,Acc/Box,QPAY,Conv %,Base MRC,Feature Rev,MLS,AAL,HSPT,SR,Tablet,Pet,Tmx,BTS,PSB,Trade,HINT,Watch,Promotion Days,Local Event Days,Inventory Issue Days
08/01/2022,STORE015,University Area, Central ,Student Area,Small,249,163,118,108,45,21,14,198,0.7952,"$3,867.56",163.0,19.53,23.73,853,23.21,"5,219.87",411.44,4,89,,,37,,,56,7,5,18,0,1,0,1
Sep 01 2024,store002,EAST TULSA,East,Neighborhood,Medium,305,169,134,98,37,16,19,206,0.6754,"3,971.47",132.0,19.28,23.5,959,,"$5,667.14",611.11,3,104,,,38,,,62,6,4,26,6,3,0,0
01-Jun-2022,store019, Retail Plaza ,SUBURBAN,Retail Strip,Medium,254,269,211,195,57,45,13,326,1.2835,"USD 6,608.61",236.0,20.27,24.57,1140,,"7,346.95","USD 2,850.32",7,122,,,48,,,84,9,11,34,2,2,1,2
2022-07-01,store008,Admiral Area,east,High Traffic,Large,302,357,274,226,59,43,21,397,1.3146,"$8,880.32",293.0,22.37,24.87,1465,27.1,"12,748.05",1550.02,2,165,,,61,,,114,2,12,51,4,3,0,1
2022-01-01,store_020, Central Tulsa , Central ,Urban,Medium,303,275,159,149,74,27,12,272,0.8977,"4,275.13",165.0,15.72,15.55,1060,25.66,"USD 6,067.73","USD 1,914.54",4,120,,,51,,,59,7,7,14,0,2,2,1
Aug 01 2024, STORE015 ,University Area, Central ,Student Area,Small,233,187,102,75,51,11,16,180,0.7725,"9,386.25",248.0,52.15,50.19,917,19.63,"$2,810.45","USD 1,498.20",10,59,,,41,,,50,5,2,10,1,1,2,2
01-Jan-2026,store_004,West TLSA,WEST,Retail Strip,Medium,261,278,260,220,103,45,32,440,1.6858,6466.05,200.0,14.7,23.26,2202,19.98,"$9,660.81","USD 3,087.03",5,94 units,,,59,,,102,2,5,49,9,2,1,1
Feb 01 2026, STORE002 ,EAST TULSA,EAST,Neighborhood,Medium,259,201,148,135,68,13,9,238,0.9189,"USD 5,051.38",172.0,21.22,25.13,1265,18.81,"USD 7,423.85",1023.28,4,102,,,30,,,50,3,6,22,3,2,0,0
Oct 01 2024, STORE001 ,north tulsa,north,High Traffic,Large,316,315,228,178,113,57,26,424,1.3418,14045.55,386.0,33.13,44.59,1647,25.74,"8,075.40","2,682.04",9,148,,,62,,,87,0,1,24,10,4,1,1
2023-12-01,store011,Airport Area, East ,Retail Strip,Medium,296,296,186,142,54,32,33,305,1.0304,"11,329.28",335.0,37.15,38.27,1225,24.9,"5,217.43","1,870.14",3,127,,,65,,,106,8,10,41,7,4,0,1
04/01/2024,STORE004,WEST TULSA,WEST,Retail Strip,Medium,306 units,321 units,187,171,55,38,20,300,0.9804,"USD 4,571.64",188.0,15.24,14.24,919,32.64,"$9,285.37",2076.01,7,157,,,105,,,126,9,10,31,11,4,0,1
Dec 01 2022,store_018, Northeast Tulsa , North ,Neighborhood,Small,251,134,107,100,46,16,5,174,0.6932,3792.53,145.0,21.8,28.3,567,30.69,"$5,427.04",400.04,10,37,,,43,,,60,9,3,17,0,2,0,1
01-Apr-2021,store017,Southwest TLSA,South,Suburban,Medium,255,191,110,101,40,12,16,178,0.698,"USD 5,304.30",210.0,29.8,27.77,596,29.87,"$4,440.59",998.96,2,50,,,37,,,57,7,1,21,4,1,0,1
2022-02-01,store_006,riverside,south,Retail Strip,Medium,283,229,208,173,61,43,19,331,1.1696,"7,437.80",277.0,22.47,32.48,1271,26.04,"$7,639.90","$1,267.06",11,99,,,51,,,71,3,8,21,8,3,1,3
10/01/2024, STORE005 ,Midtown,CENTRAL,Urban,Large,332,310,209,182,58,18,14,299,0.9006,"$9,849.78",248.0,32.94,31.77,1213,24.65,"$8,981.24","$1,346.73",2,150,,,49,,,81,0,11,30,12,5,0,0
Oct 01 2023,STORE018,NORTHEAST TULSA,NORTH,Neighborhood,Small,244,139,93,83,21,17,14,145,0.5943,3826.47,103.0,26.39,27.53,408,35.54,"4,577.65","$1,023.74",9,51,,,20,,,32,0,6,14,0,1,2,0
01-Apr-2025,Store-013,Brookside,central,Urban,Medium,300,286,230,177,105,26,19,380,1.2667,"7,453.84",189.0,19.62,26.06,1554,24.45,8351.12,"$2,607.21",5,101,,,84,,,93,4,13,18,10,2,1,2
01-Jul-2023,STORE019,retail plaza, Suburban ,Retail Strip,Medium,280,237,136,104,58,29,21,244,0.8714,"USD 6,350.74",297.0,26.03,26.8,1151,21.2,"$4,706.00",726.20,11,111,,,44,,,66,7,7,29,2,2,2,1
Jun 01 2023, STORE012 ,downtown,CENTRAL,Urban,Large,299,296,199,174,92,26,28,345,1.1538,12551.45,326.0,36.38,42.4,1258,27.42,"7,195.12","1,289.98",8,158,,,70,,,83,6,4,15,6,2,0,2
Dec 01 2023,store016,Industrial District, West ,Neighborhood,Small,277,97,67,62,28,6,9,110,0.3971,"USD 1,736.34",77.0,15.78,17.9,359,30.64,"3,247.13",$869.84,11,42,,,26,,,36,0,3,9,2,3,0,2
Sep 01 2022, STORE016 ,Industrial District, West ,Neighborhood,Small,254,88,57,50,31,12,7,107,0.4213,"$3,522.90",97.0,32.92,40.03,372,28.76,"$2,311.50",$747.38,9,37,,,10,,,22,4,2,12,2,0,1,2
Apr 01 2022,STORE007,UNION AREA,WEST,Neighborhood,Small,279,162,107,96,58,17,13,195,0.6989,"4,493.51",165.0,23.04,27.74,754,25.86,"USD 5,122.30","$1,690.94",8,46,,,54,,,74,2,6,25,0,1,1,0
10/01/2024,store_013, Brookside ,central,Urban,Medium,309,269,156,125,56,35,8,255,0.8252,"USD 6,535.60",262.0,25.63,24.3,1127,22.63,5637.74,USD 920.72,5,131,,,85,,,107,7,8,30,1,4,2,2
2021-04-01,store019,retail plaza,SUBURBAN,Retail Strip,Medium,299,211,142,117,57,34,9,242,0.8094,"8,751.86",262.0,36.16,41.48,1038,23.31,"$5,345.36","$1,473.84",2,111,,,56,,,90,6,11,34,5,3,1,0
2025-07-01,STORE005,Midtown,Central,Urban,Large,316 units,343,287,226,109,50,32,478,1.5127,"15,608.22",459.0,32.65,45.51,1335,35.81,"USD 8,217.92","2,817.78",10,122,,,97,,,128,7,16,29,1,1,0,2
Aug 01 2023, STORE017 ,SOUTHWEST TULSA,south,Suburban,Medium,274,151,141,108,30,30,6,207,0.7555,3098.15,116.0,14.97,20.52,716 units,28.91,"5,786.45","$1,567.56",2,58,,,55,,,66,3,7,17,2,2,2,1
Mar 01 2024,STORE012,Downtown,central,Urban,Large,308,305,208,192,57,54,13,332,1.0779,"USD 7,500.45",278.0,22.59,24.59,1297,25.6,9143.49,"$1,321.34",3,118,,,110,,,145,9,4,42,2,1,0,4
2025-04-01,Store-020, Central Tulsa ,CENTRAL,,Medium,251,255,190,172,66,19,16,291,1.1594,"$5,269.59",235.0,18.11,20.67,893,32.59,"8,012.97",971.68,9,115 units,,,50,,,73,6,13,24,6,2,2,0
Dec 01 2022,STORE008,Admiral Area,EAST,High Traffic,,310,316,240,180,76,60,33,409 units,1.3194,15015.57,410.0,36.71,47.52,1345,30.41,6504.59,"1,001.54",1,160,,,46,,,60,5,14,16,5,4,0,3
01-Jan-2023, STORE007 , Union Area ,west,Neighborhood,Small,255,181,131,109,60,21,9,221,0.8667,3734.97,134.0,16.9,20.64,751,29.43,"$3,903.46",$889.44,6,58,,,30,,,51,7,3,21,1,4,0,0
2025-06-01,STORE006,RIVERSIDE,SOUTH,Retail Strip,Medium,262,388,240,193,60,46,31,377,1.4389,"$8,186.38",257.0,21.71,21.1,1514,24.9,"$9,088.74",$946.97,10,193,,,84,,,141,2,9,51,10,5,1,0
2025-01-01,Store-011,airport area, East ,Retail Strip,Medium,302,295,229,196,76,40,38,383,1.2682,"8,360.44",325.0,21.83,28.34,1668,22.96,"USD 9,781.82",2154.29,11,159,,,83,,,123,4,13,37,4,2,1,0
Mar 01 2023,store015,University Area,central,Student Area,Small,262,246,189,155,84,40,10,323,1.2328,3696.78,137.0,11.45,15.03,1091,29.61,"$5,826.32","$1,890.15",9,93,,,76,,,85,5,0,15,6,2,2,0
Sep 01 2025,store001, North Tulsa ,NORTH,High Traffic,Large,326,372,204,177,123,27,35,389,1.1933,"USD 8,435.81",299.0,21.69,22.68,1445,26.92,"$8,263.18","USD 3,401.07",9,166,,,79,,,115,1,3,48,4,3,3,0
01-Oct-2024,Store-017,SOUTHWEST TULSA,SOUTH,Suburban,Medium,253,180,137,116,36,13,18,204,0.8063,"6,934.66",188.0,33.99,38.53,1064,19.17,"USD 4,297.14","$1,072.43",0,53,,,29,,,39,7,0,12,0,1,1,5
2023-10-01,store001,north tulsa, North ,High Traffic,Large,335,311,244,214,57,26,26,353,1.0537,"USD 8,535.83",363.0,24.18,27.45,1566,22.54,"USD 9,358.62",1963.9,9,165,,,88,,,143,2,13,50,12,2,3,0
07/01/2023, STORE015 , University Area ,CENTRAL,Student Area,Small,233,167,133,116,58,11,13,215,0.9227,"USD 2,607.61",100.0,12.13,15.61,796,27.01,"$5,347.16","1,756.09",8,51,,,29,,,35,0,3,8,2,1,1,1
Jan 01 2024,STORE003, South Tulsa ,south,Neighborhood,Small,245,131,118,101,46,9,11,184,0.751,"USD 4,066.06",109.0,22.1,31.04,770,23.9,"5,282.44",$503.91,6,71,,,50,,,65,2,1,13,3,1,1,1
11/01/2024,Store-015,university area, Central ,Student Area,Small,222,186,148,131,44,27,8,227,1.0225,5994.35,210.0,26.41,32.23,1081,21.0,"4,770.84","USD 1,503.16",8,91,,,40,,,50,7,8,14,2,2,2,1
Mar 01 2021,STORE010,SUBURBAN EDGE,suburban,Suburban,Small,221,64,47,40,19,13,4,83,0.3756,1346.08,54.0,16.22,21.03,349,23.78,"1,573.62",177.28,1,42,,,22,,,30,7,0,7,1,3,2,2
Feb 01 2021,STORE013,brookside,central,Urban,Medium,280,242,149,108,69,31,14,263,0.9393,"USD 9,862.00",277.0,37.5,40.75,1087,24.2,"$4,684.21","1,529.31",5,82,,,35,,,70,6,11,32,4,2,2,1
2025-08-01,store_013, Brookside ,Central,Urban,Medium,273,240,173,127,96,25,12,306,1.1209,"USD 7,374.22",293.0,24.1,30.73,1009,30.33,"$4,678.12","2,571.41",5,92,,,88,,,90,5,9,12,5,1,0,2
2024-07-01,store013,BROOKSIDE,CENTRAL,Urban,Medium,280,239,162,141,47,24,16,249,0.8893,"3,943.29",147.0,15.84,16.5,1378,18.07,6998.97,"USD 1,942.08",4,76,,,50,,,81,3,10,28,2,3,1,0
Oct 01 2023,Store-011,Airport Area,east,Retail Strip,Medium,266,242,172,126,43,42,23,280,1.0526,"USD 4,006.31",180.0,14.31,16.55,1264,22.15,"USD 6,595.50","USD 2,017.95",0,73,,,83,,,87,0,1,12,0,2,1,1
01-Sep-2025,Store-013,BROOKSIDE,central,Urban,Medium,254,220,177,135,76,42,9,304,1.1969,"$9,336.13",296.0,30.71,42.44,1405,21.64,"USD 5,346.75",863.96,9,83,,,42,,,78,0,3,39,3,3,2,0
01-Dec-2021,store_014,Memorial Corridor,South,High Traffic,Large,324,382,315,243,90,23,32,460,1.4198,"USD 14,380.85",466.0,31.26,37.65,1898,24.24,12222.77,"1,776.40",2,121,,,101,,,121,5,19,26,2,4,2,1
2021-03-01,store012,downtown, Central ,Urban,Large,297,288,193,144,72,41,33,339,1.1414,"6,561.64",280.0,19.36,22.78,1455,23.3,"$8,067.83",USD 875.73,0,163,,,77,,,107,5,14,37,11,3,1,0
06/01/2023,store004,west tulsa,west,Retail Strip,Medium,288,233,163,147,61,20,19,263,0.9132,"9,636.60",280.0,36.64,41.36,1358,19.37,5319.91,"1,354.80",4,109,,,60,,,97,7,2,36,2,3,1,1
04/01/2025,STORE004,West TLSA,west,Retail Strip,Medium,258,287,202,182,105,31,24,362,1.4031,"12,614.00",332.0,34.85,43.95,1158,31.26,7368.57,953.31,3,79,,,99,,,121,9,4,25,2,5,2,2
12/01/2021,Store-018,Northeast TLSA, North ,Neighborhood,Small,241,98,67,58,19,19,4,109,0.4523,"4,268.44",125.0,39.16,43.56,320,34.06,"$2,310.14",242.44,8,49,,,32,,,43,5,3,10,4,2,1,1
01-Apr-2023,STORE013,Brookside,central,Urban,Medium,266,270,244,194,106,31,13,394,1.4812,"$6,119.02",258.0,15.53,22.66,1116,35.3,7386.51,1123.73,9,133,,,97,,,124,4,9,41,6,5,3,0
01-Mar-2025,STORE011,Airport Area,EAST,Retail Strip,Medium,253,320,278,260,115,54,15,462,1.8261,"USD 5,701.74",269.0,12.34,17.82,1613,28.64,14254.2,"1,014.41",5,176,,,107,,,167,7,17,57,10,4,0,1
01-Sep-2023,store004,west tulsa, West ,Retail Strip,Medium,282,203,185,136,53,22,11,271,0.961,"$3,977.34",166.0,14.68,19.59,779,34.79,6564.89,1300.94,6,109,,,36,,,69,8,2,35,1,2,0,2
May 01 2026, STORE019 ,RETAIL PLAZA,SUBURBAN,Retail Strip,Medium,262,269,176,152,98,21,26,321,1.2252,"$6,185.27",279.0,19.27,22.99,1318,24.36,"6,553.71",1866.84,7,138 units,,,79,,,103,6,1,25,10,4,4,0
01-Jun-2023,store_017,Southwest TLSA,south,Suburban,Medium,276,176,141,103,44,22,8,215,0.779,4799.26,144.0,22.32,27.27,599,35.89,"$3,720.69","1,926.00",3,94,,,53,,,75,4,5,27,3,3,1,1
Jul 01 2022,store004,West Tulsa,West,Retail Strip,Medium,273,195,159,124,77,35,22,293,1.0733,"USD 6,620.86",219.0,22.6,33.95,949,30.87,5870.97,"USD 1,090.13",5,127,,,44,,,62,9,12,17,8,2,1,0
01-Jun-2021,Store-002,East Tulsa,east,Neighborhood,Medium,258,147,130,108,28,16,11,185,0.7171,"$3,530.13",146.0,19.08,24.01,800,23.12,5493.02,655.96,8,62,,,27,,,44,8,7,16,4,2,1,2
01-Sep-2024,STORE009,peoria area, South ,Neighborhood,Medium,271,208,140,111,48,33,17,238,0.8782,"4,103.34",194.0,17.24,19.73,1196,19.9,"4,934.10","USD 2,085.86",0,69,,,23,,,32,9,2,9,6,3,2,3
04/01/2024,STORE009,PEORIA AREA,South,Neighborhood,Medium,260,227,171,143,59,28,16,274,1.0538,"8,448.55",221.0,30.83,37.22,864,31.71,"6,917.85","$2,204.07",9,103,,,68,,,78,8,6,10,6,4,2,3
12/01/2021,store002,EAST TULSA,EAST,Neighborhood,Medium,259,166,128,119,66,12,16,222 units,0.8571,4077.91,147.0,18.37,24.57,904,24.56,4521.89,"1,864.65",0,78,,,53,,,72,4,3,21,2,1,1,0
01-Nov-2021,STORE009,peoria area,south,Neighborhood,Medium,305,166,122,108,42,15,7,186,0.6098,4401.89,187.0,23.67,26.52,910,20.44,5650.7,778.87,2,71,,,41,,,54,7,8,17,4,0,0,2
01-May-2023,STORE016,INDUSTRIAL DISTRICT, West ,Neighborhood,Small,270,92,81,63,22,14,4,121,0.4481,"$3,101.74",88.0,25.63,33.71,409,29.58,"$2,420.79",$524.80,5,50,,,21,,,28,5,5,9,3,2,4,0
2025-09-01, STORE005 ,MIDTOWN, Central ,Urban,Large,294,304,221,162,48,37,15,321,1.0918,"$10,254.35",361.0,31.95,33.73,1485,21.62,6878.76,"$1,351.78",6,92,,,40,,,70,8,4,28,1,2,0,2
2023-01-01,store014, Memorial Corridor , South ,High Traffic,Large,335,473 units,272,217,103,44,29,448,1.3373,"$15,932.69",635.0,35.56,33.68,1252,35.78,10370.65,"$1,351.33",8,144,,,125,,,191,9,19,62,1,0,1,2
Mar 01 2026,store012,Downtown,Central,Urban,Large,295,339,220,181,120,59,23,422,1.4305,"USD 9,264.08",340.0,21.95,27.33,1420,29.72,9315.14,"$1,033.65",9,150,,,80,,,134,2,16,48,10,0,2,0
04/01/2021,STORE004,WEST TULSA,west,Retail Strip,Medium,285,255,148,134,69,41,11,269,0.9439,"USD 5,231.41",199.0,19.45,20.52,1160,23.19,"4,727.98","1,434.29",3,62,,,40,,,56,0,9,16,2,1,0,2
Jan 01 2023,STORE018,Northeast TLSA,NORTH,Neighborhood,Small,225,143,105,90,33,25,14,177,0.7867,"6,138.45",162.0,34.68,42.93,535,33.08,"$3,283.94",$760.16,5,49,,,21,,,41,9,3,22,0,2,2,2
03/01/2022,STORE010,suburban edge,suburban,Suburban,Small,251,69,49,42,13,4,2,68,0.2709,"$2,817.13",85.0,41.43,40.83,223,30.49,2419.51,225.75,8,38,,,11,,,21,5,0,10,1,2,1,0
2025-05-01,store_010,suburban edge, Suburban ,Suburban,,269,74,55,47,25,11,6,97,0.3606,"1,917.71",74.0,19.77,25.91,309,31.39,"$1,950.98",USD 378.11,0,31,,,10,,,16,8,0,7,0,3,0,1
2022-04-01, STORE004 ,WEST TULSA, West ,Retail Strip,Medium,283,303,222,171,57,35,28,342,1.2085,7764.61,279.0,22.7,25.63,1156,29.58,"7,296.67","USD 1,874.81",9,128,,,69,,,99,5,2,34,4,1,2,0
2021-03-01,store005,MIDTOWN,CENTRAL,Urban,Large,312,305,246,192,85,26,17,374,1.1987,"USD 8,776.24",350.0,23.47,28.77,2043,18.31,"$7,010.14","USD 1,714.46",7,137,,,64,,,104,5,6,41,2,1,2,2
Apr 01 2026,Store-012,downtown,CENTRAL,Urban,Large,313,311,231,197,73,23,25,352,1.1246,"13,775.33",370.0,39.13,44.29,1315,26.77,7670.25,"1,751.90",5,130,,,80,,,110,9,16,29,12,2,0,2
05/01/2026,Store-003,South Tulsa,south,Neighborhood,Small,247,117,97,87,44,20,5,166,0.6721,3285.03,120.0,19.79,28.08,590,28.14,"4,204.99",792.44,10,67,,,24,,,36,3,0,13,0,3,1,1
2025-10-01,Store-006, Riverside , South ,Retail Strip,Medium,276,315,266,202,74,48,28,416,1.5072,"$10,886.64",389.0,26.17,34.56,1433,29.03,"$9,925.10","$2,417.22",4,98,,,40,,,85,2,7,48,3,5,0,0
12/01/2021, STORE020 ,CENTRAL TULSA,Central,Urban,Medium,279,197,168,144,55,32,18,273,0.9785,4269.24,143.0,15.64,21.67,1323,20.63,"$7,045.22",1472.87,6,104,,,33,,,53,7,3,20,0,4,2,1
Dec 01 2024,STORE010,Suburban Edge, Suburban ,Suburban,Small,264,79,61,44,31,14,8,114,0.4318,"2,232.21",100.0,19.58,28.26,355,32.11,"1,805.57",341.03,3,46,,,14,,,23,7,3,10,1,1,0,1
Feb 01 2024,store006,Riverside,South,Retail Strip,Medium,263,326,229,196,124,32,33,418,1.5894,"$6,666.79",245.0,15.95,20.45,1815,23.03,"USD 7,967.80","$2,838.80",7,170,,,70,,,85,2,5,19,9,1,0,1
01-Jan-2024,Store-018,Northeast TLSA,north,Neighborhood,Small,246,152,93,69,24,26,10,153,0.622,"$3,912.28",185.0,25.57,25.74,509,30.06,"USD 2,471.86","USD 1,005.40",4,47,,,37,,,53,7,4,16,4,1,1,0
06/01/2023,STORE018, Northeast Tulsa ,North,Neighborhood,Small,282,119,90,81,30,11,5,136,0.4823,"USD 4,004.24",,29.44,33.65,694,19.6,"4,376.33",$588.19,9,45,,,23,,,29,5,5,8,0,3,1,0
07/01/2025, STORE008 ,Admiral Area,EAST,High Traffic,Large,320,430,302,271,68,58,14,442,1.3813,"USD 10,496.81",396.0,23.75,24.41,1541,28.68,"$9,966.64","3,619.65",6,191,,,77,,,114,5,4,38,4,1,3,0
01-Mar-2025,store_009,Peoria Area, South ,Neighborhood,Medium,285 units,223,157,138,93,43,11,304,1.0667,"$6,922.13",293.0,22.77,31.04,904,33.63,"7,266.29","$2,547.65",3,114,,,43,,,64,9,13,21,6,4,2,1
01-Oct-2024,Store-016, Industrial District , West ,Neighborhood,Small,227,104,73,60,20,6,7,106,0.467,"3,387.83",96.0,31.96,32.58,318,33.33,"$3,421.49",502.07,3,41,,,29,,,33,7,1,7,0,3,3,0
2021-09-01,store_004,West Tulsa,WEST,Retail Strip,Medium,268,188,127,99,67,19,9,222,0.8284,"5,216.74",201.0,23.5,27.75,934,23.77,"$4,782.69",1503.51,1,57,,,37,,,57,6,5,18,0,1,2,0
2022-01-01,STORE001,north tulsa,NORTH,High Traffic,Large,336,371,234,209,81,25,19,359,1.0685,"$13,122.76",334.0,36.55,35.37,1666,21.55,"$10,296.03","$2,564.46",10,100,,,86,,,131,5,12,50,2,1,2,2
01-Sep-2023, STORE015 ,UNIVERSITY AREA,Central,Student Area,Small,229,163,139,102,49,25,8,221,0.9651,5752.83,146.0,26.03,35.29,625,35.36,"$3,826.03",USD 835.66,5,65,,,39,,,50,9,8,9,1,2,0,0
01/01/2022,STORE015, University Area ,central,Student Area,Small,251,201,120,97,48,23,15,206,0.8207,"7,347.42",259.0,35.67,36.55,613,33.61,"$4,583.26",USD 664.57,6,76,,,25,,,48,3,10,23 units,8,2,0,1
10/01/2023,Store-014,memorial corridor,south,High Traffic,Large,306,378,259,240,99,24,27,409,1.3366,"9,246.68",314.0,22.61,24.46,1168,35.02,"12,708.47",3252.54,8,108,,,124,,,151,7,8,36,5,3,2,0
Oct 01 2024,store007,UNION AREA,WEST,Neighborhood,Small,229,178,103,81,53,17,11,184,0.8035,"$5,280.72",137.0,28.7,29.67,526,34.98,"$3,865.25","USD 1,189.78",2,87,,,26 units,,,38,0,1,15,1,5,2,0
01-Feb-2026,store011,airport area, East ,Retail Strip,Medium,263,283,194,180,46,36,23,299,1.1369,8225.11,214.0,27.51,29.06,1210,24.71,"$7,087.60",876.72,1,114,,,86,,,119,6,5,31,6,2,1,0
2024-01-01,store005,Midtown,central,Urban,Large,302,358,275,219,67,61,19,422,1.3974,"8,590.95",315.0,20.36,24.0,2035,20.74,"USD 8,223.55",1187.88,5,116,,,45,,,105,3,8,56,9,3,4,1
05/01/2023,store001,North Tulsa,NORTH,High Traffic,Large,292,377,326,246,81,45,21,473,1.6199,"9,571.13",302.0,20.23,25.39,2449,19.31,"USD 14,118.82","USD 1,255.69",6,211,,,98,,,123,4,5,30,6,6,3,2
04/01/2023, STORE010 ,Suburban Edge,suburban,Suburban,Small,243,63,57,42,25,7,6,95,0.3909,"1,791.27",79.0,18.86,28.43,329,28.88,"1,676.00",$250.40,1,28,,,16,,,25,2,0,11,2,1,2,0
01-Aug-2025,store020,central tulsa,central,Urban,,307,230,159,123,53,45,14,271,0.8827,"$4,172.56",155.0,15.4,18.14,1320 units,20.53,"$6,808.21","1,372.37",1,129,,,67,,,82,8,4,25,9,5,0,0
Aug 01 2024, STORE013 ,Brookside,Central,Urban,Medium,305,209,153,114,80,20,16,269,0.882,"USD 10,069.41",264.0,37.43,48.18,1295,20.77,"$4,475.59","USD 1,701.89",2,94,,,73,,,90,8,0,23,6,5,1,2
01-Nov-2024,store003,south tulsa,South,Neighborhood,Small,222,98,94,74,29,9,7,139,0.6261,"$3,768.56",117.0,27.11,38.45,623,22.31,"USD 2,792.71","USD 1,126.67",11,51,,,37,,,48,5,0,10,3,6,0,1
12/01/2023,store017,Southwest TLSA, South ,Suburban,Medium,261,155,148,118,62,11,13,234,0.8966,,183.0,25.71,38.81,896,26.12,"$4,753.44","1,548.75",4,52,,,45 units,,,69,2,6,27,6,1,1,2
Oct 01 2022,store_009,Peoria Area,South,Neighborhood,Medium,276,168,138,116,34,34,9,215,0.779,"$3,884.84",109.0,18.07,23.12,1118,19.23,"$5,087.00",USD 459.65,6,67,,,51,,,80,9,7,30,1,3,2,3
01-Apr-2026,store017,Southwest TLSA,SOUTH,Suburban,Medium,306,172,139,113,39,30,12,220,0.719,"4,861.42",185.0,22.1,28.26,769,28.61,"5,157.44","USD 1,147.56",3,87,,,61,,,90,6,2,27,0,1,1,3
2025-11-01,store006,riverside,south,Retail Strip,Medium,295,273,220,174,82,38,33,373,1.2644,"USD 8,435.42",225.0,22.62,30.9,1297,,"$6,654.88","1,974.22",2,151,,,59,,,72,3,6,15,12,1,2,0
Aug 01 2023,store_001, North Tulsa ,NORTH,High Traffic,Large,329,297,181,139,97,55,27,360,1.0942,"$6,242.27",288.0,17.34,21.02,1152,31.25,"USD 6,927.69",2540.51,8,166,,,68,,,89,5,1,21,1,3,1,1
2024-02-01,store016,Industrial District,WEST,Neighborhood,Small,230,102,70,55,28,12,4,114,0.4957,"3,049.45",122.0,26.75,29.9,443,25.73,"2,427.35",$630.25,5,45,,,25,,,36,0,1,14,0,3,2,3
Apr 01 2021, STORE006 ,RIVERSIDE,SOUTH,Retail Strip,Medium,286,247,199,152,72,29,18,318,1.1119,"8,073.54",251.0,25.39,32.69,1187,26.79,"6,306.02","$1,890.67",6,135,,,47,,,66,5,0,17,0,2,1,0
2023-05-01,store_019, Retail Plaza ,SUBURBAN,Retail Strip,Medium,261,274,218,198,61,37,21,337,1.2912,"USD 4,139.69",152.0,12.28,15.11,987,34.14,"$9,963.87","USD 2,610.70",10,150,,,83 units,,,100,0,3,15,10,1,1,1
03/01/2025,store_019,RETAIL PLAZA,suburban,Retail Strip,Medium,262,322,223,187,104,57,13,397,1.5153,"8,143.24",277.0,20.51,25.29,2124,18.69,8217.91,"USD 2,517.58",10,177,,,55,,,81,1,12,26,9,2,2,0
Jun 01 2022,store_003,South Tulsa,SOUTH,Neighborhood,Small,274,95,78,62,34,6,9,127,0.4635,"$3,358.14",103.0,26.44,35.35,507,25.05,"2,234.95",USD 997.24,0,36,,,31,,,41,6,2,9,2,3,1,0
04/01/2023,store_003,south tulsa,South,Neighborhood,Small,237,111,72,66,20,13,5,110,0.4641,"1,852.25",62.0,16.84,16.69,596 units,18.46,2318.06,590.88,9,53,,,34,,,39,1,4,9 units,4,2,1,0
Oct 01 2021,store005,Midtown,central,Urban,Large,295,281,202,178,83,29,25,339,1.1492,"5,763.01",161.0,17.0,20.51,1275,26.59,"9,975.81",2002.81,10,93,,,65,,,84,4,12,27,10,3,1,3
01-Apr-2024, STORE017 , Southwest Tulsa ,south,Suburban,Medium,301,252,184,161,83,39,22,328,1.0897,"$5,333.21",149.0,16.26,21.16,1345 units,24.39,"7,554.78",1406.66,4,97,,,46,,,55,3,7,14,7,1,2,2
01/01/2025,Store-010,Suburban Edge,SUBURBAN,Suburban,Small,232,85,63,47,27,7,5,102,0.4397,3529.09,,34.6,41.52,348,29.31,"$1,777.24",USD 692.80,8,48,,,21,,,29,1,4,11,1,1,0,0
01-Mar-2021,store_019,retail plaza,Suburban,Retail Strip,,291,273,196,179,43,40,14,293,1.0069,"USD 8,147.74",231.0,27.81,29.85,1210,24.21,"6,692.72","$2,584.46",1,105,,,64,,,99,1,7,40,0,2,4,2
10/01/2022,Store-013,Brookside, Central ,Urban,Medium,271,206,169,144,49,42,12,272,1.0037,5139.19,132.0,18.89,24.95,1340,20.3,8011.79,1425.98,10,119,,,56,,,83,0,5,35,0,4,1,1
01-Nov-2024, STORE014 , Memorial Corridor ,South,High Traffic,Large,326,400,288,231,102,69,32,491,1.5061,14932.54,387.0,30.41,37.33,1792,27.4,"10,833.12","$2,647.33",1,114,,,111 units,,,151,7,9,47,9,3,1,1
2025-12-01,Store-007,UNION AREA,west,Neighborhood,Small,225,146,123,98,38,22,6,189,0.84,5347.79,188.0,28.3,36.63,880,21.48,"$5,548.69","$1,326.55",3,48,,,21,,,36,6,3,20,6,3,0,0
Feb 01 2021,store004,WEST TULSA,WEST,,Medium,301,232,140,128,49,26,22,237,0.7874,"8,622.64",232.0,36.38,37.17,1028,23.05,"6,560.26",485.92,8,109,,,64,,,87,7,3,27,6,3,4,1
01-Nov-2022,store_019,RETAIL PLAZA,suburban,Retail Strip,Medium,273,214,189,137,48,24,26,287,1.0513,5070.05,168.0,17.67,23.69,1559,18.41,"5,983.87","$1,558.94",1,91,,,38,,,65,9,6,34,7,3,1,1
01-Nov-2021,STORE011,AIRPORT AREA, East ,Retail Strip,Medium,304,248,170,124,78,26,12,286,0.9408,4699.01,147.0,16.43,18.95,805,35.53,"5,213.21","2,110.30",1,117,,,65,,,78,1,5,21,8,2,1,3
06/01/2021,STORE016,Industrial District,WEST,Neighborhood,Small,267,95,62,49,30,5,3,100,0.3745,"USD 3,189.40",88.0,31.89,33.57,328,30.49,"USD 1,751.00",$715.24,3,30,,,17,,,24,6,1,6,0,2,0,1
01-Sep-2023, STORE005 ,midtown,central,Urban,Large,312,331,239,192,78,38,21,376,1.2051,6908.1,317.0,18.37,20.87,1841,20.42,"7,932.10","3,067.34",7,131,,,86,,,130,3,9,43,3,1,1,2
2021-03-01,Store-004, West Tulsa , West ,Retail Strip,Medium,276,274,176,133,70,28,20,294,1.0652,"5,348.36",204.0,18.19,19.52,1176,25.0,"$6,021.84","$1,069.31",0,114,,,66,,,92,7,6,30,3,7,2,2
01-May-2023,STORE020,Central Tulsa,central,Urban,Medium,289,244,171,151,62,42,18,293,1.0138,"8,507.57",279.0,29.04,34.87,1092,26.83,6595.72,"2,199.56",8,75,,,55,,,85,9,4,32,5,2,2,2
Mar 01 2026,store_010,Suburban Edge,suburban,Suburban,Small,246,105,58,52,30,12,4,104,0.4228,3882.7,125.0,37.33,36.98,397,26.2,"2,956.02",$307.25,4,33,,,28,,,38,3,1,11,2,3,0,0
Mar 01 2024,STORE018, Northeast Tulsa , North ,Neighborhood,Small,266,174,118,107,30,12,10,170,0.6391,"USD 3,559.25",100.0,20.94,20.46,495,34.34,"$4,859.69","1,236.60",10,52,,,59,,,76,2,5,24,6,0,1,1
2024-05-01,store_009, Peoria Area ,SOUTH,Neighborhood,Medium,287,262,155,142,55,27,13,250,0.8711,"5,187.84",157.0,20.75,19.8,1012,24.7,"USD 7,860.65","1,135.11",0,110,,,52,,,68,8,1,20,8,2,1,1
01/01/2022,STORE008,Admiral Area,East,High Traffic,Large,334,332,235,204,77,52,22,386 units,1.1557,16873.42,431.0,43.71,50.82,1994,19.36,"$11,527.97","1,248.08",10,120,,,119,,,144,4,7,24,10,2,0,1
2025-11-01,store006,riverside,south,Retail Strip,Medium,295,273,220,174,82,38,33,373,1.2644,"USD 8,435.42",225.0,22.62,30.9,1297,,"$6,654.88","1,974.22",2,151,,,59,,,72,3,6,15,12,1,2,0
01-Nov-2025,STORE008,Admiral Area,east,High Traffic,Large,332,384,236,190,134,57,28,455,1.3705,"14,622.57",482.0,32.14,38.08,1519,29.95,"$10,552.95",3259.64,10,211,,,87,,,126,7,1,50 units,9,4,0,4
2025-10-01, STORE005 ,Midtown, Central ,Urban,Large,322,372,276,217,107,53,30,466,1.4472,9229.68,259.0,19.81,24.81,1294,36.01,"11,028.55","USD 1,408.22",0,112,,,81 units,,,134,7,8,55,1,3,2,0
07/01/2024,store004,West TLSA,West,Retail Strip,Medium,285,276,196,171,44,44,13,297,1.0421,,190.0,15.47,16.65,1036,28.67,7270.68,2225.74,5,77,,,74,,,87,0,4,18,3,3,1,2
Apr 01 2024, STORE001 ,NORTH TULSA,North,High Traffic,Large,303,331,238,196,115,70,21,444,1.4653,7093.99,319.0,15.98,21.43,1490,29.8,"USD 9,782.60",USD 945.32,1,210,,,69,,,98,8,7,37,0,2,0,0
2022-03-01,store_007,Union Area,WEST,Neighborhood,Small,282,197,119,88,50,18,10,197,0.6986,"$6,906.47",199.0,35.06,35.06,841,23.42,"3,710.19","1,311.54",9,59,,,58,,,61,7,8,10,0,4,1,2
Mar 01 2022,Store-017,Southwest TLSA,SOUTH,Suburban,Medium,280,172,152,122,40,30,19,241,0.8607,"USD 3,569.02",153.0,14.81,20.75,842,28.62,"6,176.43",2101.0,3,67,,,57,,,68,6,9,15,3,2,1,2
Apr 01 2024,store_002,East Tulsa,EAST,Neighborhood,Medium,250,180,139,125,46,31,8,224,0.896,"5,363.46",192.0,23.94,29.8,638,35.11,"4,697.98","1,292.56",1,89,,,31,,,48,3,1,22,4,0,1,0
Apr 01 2026,Store-018, Northeast Tulsa ,North,Neighborhood,Small,271,139,122,107,46,9,9,186,0.6863,"$4,379.42",134.0,23.55,31.51,630,29.52,"$4,686.24",1067.4,2,72,,,36,,,48,5,6,14,3,2,1,0
01-May-2021,store_002,East TLSA, East ,Neighborhood,Medium,261,148,101,77,28,12,10,151,0.5785,"$5,369.40",135.0,35.56,36.28,436 units,34.63,"USD 3,108.95",USD 999.82,6,77,,,23,,,38,0,6,15,0,3,1,1
Oct 01 2021, STORE017 , Southwest Tulsa ,South,Suburban,Medium,300,141,127,107,35,13,14,189,0.63,"$4,809.02",137.0,25.44,34.11,650,29.08,5490.91,650.42,2,59,,,54,,,68,4,1,19,0,5,2,0
11/01/2022,STORE008, Admiral Area ,east,High Traffic,Large,302,337,289,235,89,31,25,434,1.4371,"$10,653.06",,24.55,31.61,1737,24.99,"13,545.81","USD 1,657.26",7,191,,,119,,,137,0,2,34,6,4,0,1
01-May-2022,STORE020,CENTRAL TULSA,Central,Urban,Medium,275,231,174,127,46,18,16,254,0.9236,"10,636.68",281.0,41.88,46.05,1070,23.74,"$4,923.04",2205.16,9,87,,,43,,,62,5,1,24,3,1,0,0
Dec 01 2022,store_005,midtown, Central ,Urban,Large,330,363,216,188,110,40,25,391,1.1848,"USD 16,922.09",444.0,43.28,46.62,1973,19.82,"9,946.34",1633.53,9,128,,,66,,,93,7,2,36,9,1,0,2
Dec 01 2025,store_011,airport area,east,Retail Strip,Medium,306,332,251,190,50,55,23,379,1.2386,"$9,160.90",235.0,24.17,27.59,1861,20.37,"9,201.70","USD 1,049.91",11,155,,,95 units,,,109,9,13,26,0,0,3,1
Feb 01 2026,STORE015,University Area,Central,Student Area,Small,265,148,112,85,53,10,12,187,0.7057,5505.87,150.0,29.44,37.2,757,24.7,"USD 3,864.81",USD 434.53,3,85,,,44 units,,,71,3,5,25,4,3,1,6
05/01/2026, STORE011 ,Airport Area,EAST,Retail Strip,Medium,309,302,224,181,110,21,14,369,1.1942,"9,779.79",304.0,26.5,32.38,1042,35.41,"USD 7,914.67","$2,284.21",6,87,,,59,,,89,2,14,30,5,2,1,2
01-Jan-2024,store002,east tulsa,EAST,Neighborhood,Medium,303,181,171,127,72,35,24,302,0.9967,"$4,108.61",109.0,13.6,22.7,1018,29.67,"5,156.58",1806.08,9,84,,,43,,,52,4,10,10,2,3,0,2
01-Feb-2024,STORE004,west tulsa,west,Retail Strip,Medium,297,240,153,117,87,20,29,289 units,0.9731,"11,153.47",317.0,38.59,46.47,836,34.57,"$5,888.68","1,824.24",8,128,,,47,,,61,3,0,14,1,2,3,1
09/01/2022,Store-012,Downtown, Central ,Urban,Large,335,214,174,148,76,17,28,295,0.8806,"USD 7,618.61",193.0,25.83,35.6,1049,28.12,"USD 6,627.74",1155.59,0,76,,,78,,,109,2,12,36,9,3,3,0
01-Oct-2021, STORE013 , Brookside , Central ,Urban,Medium,289,190,159,143,55,14,20,248 units,0.8581,"USD 4,908.59",223.0,19.79,25.83,735,33.74,"USD 5,571.51","USD 1,212.92",6,79,,,33,,,43,1,6,12,1,0,1,2
Apr 01 2023, STORE014 ,Memorial Corridor,South,High Traffic,Large,302,409,306,258,78,44,39,467,1.5464,11439.18,375.0,24.5,27.97,2107,22.16,10423.32,3668.42,0,169,,,119,,,185,8,8,68,0,1,2,1
01-Feb-2025,store_005,MIDTOWN, Central ,Urban,Large,294,337,268,218,97,39,40,444,1.5102,11511.35,444.0,25.93,34.16,2343,18.95,"11,556.44","3,490.99",6,120,,,96,,,154,9,16,56,1,1,4,0
May 01 2023,store_014, Memorial Corridor ,South,High Traffic,Large,318,425,300,247,107,57,38,502,1.5786,"$10,921.31",292.0,21.76,25.7,2682,18.72,"USD 10,450.21","2,069.70",8,125,,,132,,,204,6,7,64,3,2,1,0
03/01/2026,STORE019,RETAIL PLAZA, Suburban ,Retail Strip,Medium,307,286,214,165,54,54,17,339,1.1042,"$8,797.37",296.0,25.95,30.76,1166,29.07,7769.08,"2,160.92",10,96,,,69,,,93,6,9,21,4,0,0,2
03/01/2023,STORE003,South TLSA, South ,Neighborhood,Small,234,116,75,69,40,15,13,143,0.6111,"$2,388.90",82.0,16.71,20.59,424,33.73,"$3,327.20",348.67,1,61,,,40 units,,,47,8,5,5,0,3,1,1
May 01 2026,Store-018, Northeast Tulsa ,North,Neighborhood,Small,248,140,124,100,37,25,15,201,0.8105,"$4,188.79",130.0,20.84,29.92,582,34.54,4049.18,"$1,101.27",9,77,,,34,,,58,3,4,23,3,3,0,2
Apr 01 2025,store_003,South Tulsa,SOUTH,Neighborhood,Small,239,125,92,73,33,18,6,149,0.6234,"USD 2,469.43",84.0,16.57,19.76,431,34.57,"USD 2,932.97",USD 383.17,9,37,,,29,,,38,1,6,14,0,2,1,3
05/01/2025, STORE008 ,admiral area,East,High Traffic,Large,335,471,278,201,131,31,32,472,1.409,17788.45,587.0,37.69,37.77,2542,18.57,10168.6,"USD 3,528.44",7,167,,,130,,,168,7,12,52,1,2,2,3
2022-02-01,Store-011,Airport Area,EAST,Retail Strip,Medium,262,271,191,175,40,24,17,272,1.0382,"4,290.48",170.0,15.77,15.83,953,28.54,"8,595.78","$1,020.99",0,120,,,34,,,49,5,1,19,3,3,1,0
2022-04-01, STORE017 ,SOUTHWEST TULSA, South ,Suburban,Medium,295,178,138,108,62,15,14,229,0.7763,"$7,321.97",210.0,31.97,41.13,803,28.52,"$4,616.17",701.77,11,55,,,56,,,75,8,4,22,3,1,0,2
2022-07-01,store002,east tulsa,East,Neighborhood,Medium,308,124 units,99,92,24,19,5,147,0.4773,"3,712.05",109.0,25.25,29.94,460,31.96,"USD 4,744.87",518.46,4,37,,,30,,,41,9,1,16,2,2,1,2
May 01 2026,store009, Peoria Area ,SOUTH,Neighborhood,Medium,285,276 units,165,141,58,16,23,262,0.9193,"$8,950.41",266.0,34.16,32.43,832,31.49,"$6,850.18","1,705.78",9,103,,,76,,,97,0,10,28,4,2,2,0
2023-07-01,store014,Memorial Corridor,SOUTH,High Traffic,Large,337,392,343,308,108,43,26,520,1.543,"$11,132.81",358.0,21.41,28.4,2499,20.81,"11,589.67","$3,651.99",1,146,,,57,,,87,6,16,38,6,3,0,1
01-Aug-2023,store_002, East Tulsa ,east,Neighborhood,Medium,272,196,118,90,46,11,15,190,0.6985,"$6,391.15",201.0,33.64,32.61,581,32.7,"USD 5,031.62",535.28,0,68,,,26,,,30,2,3,8,1,2,0,3
01-Feb-2024,STORE013,Brookside, Central ,Urban,Medium,309,215,175,129,77,17,9,278,0.8997,"USD 6,815.51",257.0,24.52,31.7,1118,24.87,"$6,262.96",USD 905.46,6,100,,,40,,,58,7,10,21,2,1,1,2
Mar 01 2021,Store-017, Southwest Tulsa ,South,Suburban,Medium,285,195,132,98,29,31,12,204,0.7158,"$2,941.16",116.0,14.42,15.08,901,22.64,"USD 4,383.38",1502.81,8,88,,,28,,,50,6,1,24,5,3,1,0
01-Sep-2024, STORE010 , Suburban Edge , Suburban ,Suburban,Small,252,52,40,32,12,5,3,60,0.2381,1845.48,66.0,30.76,35.49,266 units,22.56,"USD 1,409.67",USD 442.28,11,24,,,12,,,17,5,1,5,0,3,0,2
Jun 01 2023,STORE005,Midtown, Central ,Urban,Large,329,287,190,156,76,54,13,333,1.0122,"$8,115.29",214.0,24.37,28.28,1093,30.47,"$7,979.46","USD 2,137.01",7,96,,,61,,,95,2,14,31,8,2,1,1
01-Oct-2024,store_004, West Tulsa ,WEST,Retail Strip,Medium,288,253,209,175,47,28,9,293,1.0174,"USD 5,581.89",230.0,19.05,22.06,1197,24.48,9375.84,"USD 2,347.10",3,91,,,82,,,93,4,0,14,8,2,1,1
05/01/2025,STORE007,UNION AREA,WEST,Neighborhood,Small,269,196,127,100,63,25,15,230,0.855,,227.0,37.14,43.59,1003,22.93,4773.33,603.45,5,94,,,57,,,83,1,7,23,0,2,5,3
05/01/2023,STORE007,Union Area,West,Neighborhood,Small,236,189,123,105,61,30,12,226,0.9576,5544.48,148.0,24.53,29.34,737,30.66,"5,480.70","1,175.15",10,103,,,57,,,74,5,0,19,3,1,4,1
09/01/2021,STORE016,industrial district, West ,Neighborhood,Small,252,76,63,56,32,11,9,115,0.4563,1625.4,70.0,14.13,21.39,543,21.18,"2,370.02",USD 379.83,3,43,,,29,,,41,7,0,14,3,3,1,1
May 01 2021,store_007, Union Area , West ,Neighborhood,Small,264,171,120,93,40,12,9,181,0.6856,"USD 5,441.85",162.0,30.07,31.82,754,24.01,"USD 4,289.61",1357.52,5,53,,,52,,,65,6,4,13,2,2,0,1
Jul 01 2021,Store-004,WEST TULSA,WEST,Retail Strip,Medium,303,242,173,147,73,36,20,302,0.9967,4875.05,147.0,16.14,20.14,895,33.74,"USD 6,466.32","USD 2,224.72",5,85,,,63,,,91,0,2,31,4,4,0,0
01-Mar-2022,store012,Downtown, Central ,Urban,Large,310,302,243,217,112,45,23,423,1.3645,"$8,047.84",,19.03,26.65,1293,32.71,"10,958.94","USD 2,266.13",10,101,,,59,,,77,7,14,21,4,0,2,0
01-Jan-2023,Store-011,Airport Area,East,Retail Strip,Medium,269,287,176,164,90,29,24,319,1.1859,"$12,631.68",318.0,39.6,44.01,925,34.49,6172.19,2596.52,5,112,,,54,,,87,8,10,42,10,2,0,2
2023-03-01,Store-007,UNION AREA,west,Neighborhood,Small,280,181,143,104,51,27,16,237,0.8464,"7,863.26",216.0,33.18,43.44,893,26.54,"5,540.88","$1,103.16",11,87,,,53,,,77,9,9,28,6,1,1,1
01/01/2026,Store-018, Northeast Tulsa , North ,Neighborhood,Small,262,176,102,77,40,12,9,163,0.6221,"USD 6,151.39",194.0,37.74,34.95,777,20.98,3061.32,1265.74,1,89,,,19,,,44,5,8,24,3,3,0,0
Feb 01 2024,store020,central tulsa,Central,Urban,Medium,288,245,199,145,73,39,26,337,1.1701,7518.95,229.0,22.31,30.69,1182,28.51,"$7,674.99",1495.9,0,111,,,62,,,84,6,6,27,4,1,1,1
2025-10-01,store_017, Southwest Tulsa ,South,Suburban,Medium,302,199,115,97,39,11,18,183,0.606,"$4,342.65",198.0,23.73,21.82,749,24.43,5538.25,$864.73,3,62,,,51,,,59,3,3,11,7,6,4,2
01-Mar-2022,STORE019, Retail Plaza ,Suburban,Retail Strip,Medium,257,242,167,153,81,31,25,304,1.1829,"USD 5,165.14",176.0,16.99,21.34,1676,18.14,"6,856.24","2,620.76",9,75,,,47,,,75,8,7,33,5,1,0,2
2022-03-01, STORE018 ,NORTHEAST TULSA,North,Neighborhood,Small,264,133,98,90,40,20,12,170,0.6439,"USD 3,066.33",138.0,18.04,23.06,747,22.76,"$3,571.84",1213.03,9,76,,,44,,,59,3,6,20,2,4,4,0
Oct 01 2022,Store-008,admiral area,EAST,High Traffic,Large,294,326,200,173,125,20,25,370,1.2585,"$10,340.35",307.0,27.95,31.72,1098,33.7,"$6,404.58",1202.29,0,150,,,80,,,91,5,15,18,9,1,1,2
01-Jul-2021,store_009,Peoria Area,SOUTH,Neighborhood,Medium,279,204,142,130,39,31,10,222,0.7957,"$7,072.14",245.0,31.86,34.67,708,31.36,"$4,746.79",1398.05,7,78,,,51,,,74,3,7,21,1,6,1,3
06/01/2022,store012,Downtown,CENTRAL,Urban,Large,331,309,196,163,85,43,14,338,1.0211,6951.76,219.0,20.57,22.5,1237,27.32,"USD 7,619.86","USD 2,804.25",9,75,,,70,,,105,2,12,41,2,2,2,2
2022-01-01, STORE005 ,Midtown, Central ,Urban,Large,317,329,207,187,121,35,15,378,1.1924,"14,427.44",416.0,38.17,43.85,1490,25.37,8866.9,"3,202.63",7,161,,,56,,,67,7,13,19,11,2,2,1
Oct 01 2022, STORE011 ,Airport Area, East ,Retail Strip,Medium,308,234,153,112,46,30,10,239,0.776,"$7,470.97",235.0,31.26,31.93,1093,21.87,4739.16,"1,262.98",2,97,,,49,,,66,9,8,17,0,0,0,2
2023-06-01,STORE015,university area, Central ,Student Area,Small,280,185,154,112,32,22,14,222,0.7929,"USD 4,008.88",145.0,18.06,21.67,908,24.45,"4,668.89","$1,800.14",3,63,,,62 units,,,74,5,5,12,3,1,1,1
Dec 01 2021,STORE001,North Tulsa, North ,High Traffic,Large,328,314,246,202,117,39,26,428,1.3049,"$7,997.13",332.0,18.68,25.47,1787,23.95,"8,818.20",1193.52,9,100,,,63,,,109,6,4,48,4,6,0,0
Feb 01 2025,STORE020,Central Tulsa,central,Urban,Medium,289,236,193,164,97,25,11,326 units,1.128,"7,224.65",203.0,22.16,30.61,1262,25.83,6727.57,"2,108.99",5,123,,,38,,,78,9,12,37,2,5,2,2
09/01/2021,STORE015,UNIVERSITY AREA, Central ,Student Area,Small,243,171,121,110,35,16,11,183,0.7531,"$5,899.28",229.0,32.24,34.5,566,,"USD 4,192.13","$1,516.41",8,63,,,51,,,73,3,6,22,4,3,2,1
04/01/2026,store_006,Riverside, South ,Retail Strip,Medium,257,298,256,188,87,37,12,392,1.5253,10770.99,271.0,27.48,36.14,1530,25.62,9498.19,"USD 2,011.78",10,115 units,,,93,,,112,6,12,17,8,1,1,0
01-Jun-2022,Store-014,Memorial Corridor,South,High Traffic,Large,321,378,281,218,103,50,38,472,1.4704,"$13,904.75",424.0,29.46,36.79,1960,24.08,"USD 11,982.13","USD 1,904.32",2,179,,,75,,,84,2,19,19,2,2,1,2
2024-08-01,STORE016,INDUSTRIAL DISTRICT,west,Neighborhood,Small,230,88,72,61,23,11,9,115,0.5,"$2,743.03",113.0,23.85,31.17,611,18.82,"$3,317.46",963.81,9,28,,,16,,,20,0,1,7,2,1,2,3
Jul 01 2025, STORE019 ,retail plaza, Suburban ,Retail Strip,Medium,253,304,231,191,73,19,19,342,1.3518,"$10,706.84",315.0,31.31,35.22,1798,19.02,"7,162.66","$2,884.21",5,92,,,92,,,111,2,12,26,3,4,2,1
2024-06-01,store_001,North TLSA,North,High Traffic,Large,313,366,292,222,106,57,29,484,1.5463,"USD 6,609.81",241.0,13.66,18.06,1557,31.09,"11,444.74",3085.04,11,173,,,62,,,116,9,0,51,9,2,1,0
2023-10-01, STORE013 ,BROOKSIDE,Central,Urban,Medium,271,203 units,163,118,89,18,14,284,1.048,"6,429.74",217.0,22.64,31.67,1202,23.63,"USD 6,062.02",849.23,2,68,,,47,,,81,3,9,34,0,2,1,1
05/01/2024, STORE012 , Downtown , Central ,Urban,Large,313,364,207,190,69,53,36,365,1.1661,14482.15,431.0,39.68,39.79,1826,19.99,"$10,297.82","1,400.05",5,134,,,69,,,104,9,2,46,12,2,2,2
01-Feb-2021,store_010,Suburban Edge,SUBURBAN,Suburban,Small,259,66,46,41,19,7,2,74,0.2857,"USD 2,900.84",78.0,39.2,43.95,213,34.74,"$1,731.27",USD 250.45,2,31,,,16,,,17,9,2,3,0,4,0,0
2022-06-01, STORE007 , Union Area ,west,Neighborhood,Small,234,145,90,84,54,13,17,174,0.7436,"USD 4,657.77",172.0,26.77,32.12,833,,"$3,336.05","USD 1,055.87",11,43,,,44,,,59,6,1,17,4,2,1,0
2025-11-01,Store-010,suburban edge,Suburban,Suburban,Small,267,78,45,35,26,8,6,85,0.3184,"3,724.43",100.0,43.82,47.75,279,30.47,"$1,274.45",453.18,10,21 units,,,21,,,26,3,1,7,0,0,2,0
Dec 01 2022,store_019,RETAIL PLAZA,SUBURBAN,Retail Strip,Medium,257,220,175,133,60,16,21,272,1.0584,"USD 5,942.56",222.0,21.85,27.01,1094,24.86,"$6,304.71","$1,414.45",1,130,,,80,,,107,7,12,38,3,2,1,3
Jun 01 2025,Store-015, University Area , Central ,Student Area,Small,278,211,163,125,45,15,19,242,0.8705,"USD 5,346.68",192.0,22.09,25.34,808,29.95,"6,515.03","USD 2,168.88",5,80,,,47,,,60,9,5,19,7,5,1,0
01-Feb-2021,store012,downtown, Central ,Urban,Large,303,300,223,193,78,42,23,366,1.2079,"$9,832.79",271.0,26.87,32.78,1236,29.61,7555.04,"$2,254.05",3,85,,,77,,,94,5,13,22,1,2,4,0
01-Jun-2022,STORE013,Brookside, Central ,Urban,Medium,298,254,195,146,76,34,10,315,1.057,"$8,564.09",241.0,27.19,33.72,1138,27.68,"$8,078.73",$961.74,6,121,,,46,,,74,6,8,33,3,3,1,2
2024-08-01,store_005, Midtown ,CENTRAL,Urban,Large,291,335,232,194,109,28,11,380,1.3058,"USD 10,995.47",280.0,28.94,32.82,1265,,"$9,548.16","3,006.54",2,136 units,,,97,,,130,4,8,32,4,2,2,1
Apr 01 2022, STORE010 ,Suburban Edge, Suburban ,Suburban,Small,276,84,64,56,20,7,3,94,0.3406,"$2,417.74",82.0,25.72,28.78,326,28.83,"USD 2,917.10",$790.19,0,26,,,17,,,22,1,3,5,0,2,1,1
01-Mar-2026, STORE003 ,South TLSA,South,Neighborhood,Small,284,107,77,60,39,20,8,144,0.507,"USD 4,729.80",124.0,32.85,44.2,725,19.86,"3,266.55",USD 961.77,5,67,,,42,,,57,2,5,14,2,2,3,3
Jun 01 2025,Store-009,peoria area,South,Neighborhood,Medium,268,196,183,152,77,16,22,298,1.1119,"USD 4,263.44",171.0,14.31,21.75,1119,26.63,"USD 6,031.32",875.13,6,93,,,37,,,70,8,3,35,3,3,3,0
02/01/2022,STORE002,EAST TULSA,East,Neighborhood,Medium,301,167,121,110,56,16,12,205,0.6811,"USD 3,719.98",118.0,18.15,22.28,840,24.4,"USD 5,100.19",780.97,1,56,,,49,,,75,5,9,26 units,1,4,3,0
2021-04-01, STORE011 , Airport Area ,EAST,Retail Strip,Medium,291,238,164,150,68,27,12,271,0.9313,"$11,084.31",280.0,40.9,46.57,1273,21.29,"5,450.91",1723.5,6,121,,,82,,,119,0,2,33,6,3,1,2
Aug 01 2024,Store-006, Riverside ,South,Retail Strip,Medium,298,312,168,134,61,34,24,287,0.9631,"8,582.17",398.0,29.9,27.51,1494,19.21,6700.72,"USD 1,537.69",1,96,,,78,,,117,4,14,39,1,3,4,3
01-Feb-2022,STORE016,Industrial District,WEST,Neighborhood,Small,260,100,62,44,24,10,8,104,0.4,"USD 3,457.77",87.0,33.25,34.58,319,32.6,"$1,771.69",$818.61,9,49,,,26,,,30,4,0,8,3,4,2,1
01-Dec-2024,store014,Memorial Corridor,south,High Traffic,Large,323,417,288,256,72,67,20,447,1.3839,"11,719.77",369.0,26.22,28.1,1304,34.28,"$12,555.76","USD 2,603.98",8,174,,,148,,,161,0,18,27,5,4,2,2
2022-07-01,store018,Northeast Tulsa, North ,Neighborhood,Small,275,126,83,63,39,12,10,144,0.5236,"USD 2,000.03",91.0,13.89,15.87,766,18.8,2879.7,"$1,149.87",10,34,,,32,,,38,1,5,5,3,0,1,0
04/01/2022,store_013, Brookside ,Central,Urban,Medium,299,290,196,168,74,26,30,326,1.0903,5627.04,219.0,17.26,19.4,1169,27.89,"USD 6,621.86",1723.53,0,101,,,68,,,105,7,3,35,2,4,1,2
2023-04-01,Store-019, Retail Plaza ,Suburban,Retail Strip,Medium,295,222,215,186,67,43,14,339,1.1492,"3,616.39",135.0,10.67,16.29,1289,26.3,"$9,860.04","$1,696.33",5,147,,,91,,,116,4,1,33,10,3,0,0
02/01/2024,Store-017, Southwest Tulsa ,SOUTH,Suburban,Medium,299,201,146,128,52,28,12,238,0.796,"5,515.69",150.0,23.18,27.44,1306,18.22,"USD 5,081.95",USD 648.78,9,57,,,44,,,69,7,3,24,1,5,1,0
2023-12-01,STORE006,RIVERSIDE,SOUTH,Retail Strip,Medium,298,297,182,148,88,38,11,319,1.0705,8679.13,278.0,27.21,29.22,1325,24.08,"USD 7,427.90","USD 2,399.41",8,120,,,56,,,77,2,4,29,10,0,1,0
01-Jan-2026, STORE005 ,MIDTOWN,CENTRAL,Urban,Large,291,350,249,210,95,37,31,412,1.4158,"9,033.85",307.0,21.93,25.81,2089,19.72,"USD 10,512.62","$1,418.20",11,157,,,131,,,197,9,13,63,14,4,0,4
Oct 01 2022, STORE010 ,SUBURBAN EDGE, Suburban ,Suburban,Small,228,72,43,33,15,9,6,73,0.3202,2500.77,66.0,34.26,34.73,203,35.96,"$1,220.67",563.84,2,22,,,18,,,20,1,0,4,1,0,3,3
Jun 01 2023,store_009,PEORIA AREA, South ,Neighborhood,Medium,268,199,144,116,42,16,16,218,0.8134,"5,613.68",254.0,25.75,28.21,822,26.52,"$4,151.68","USD 1,771.40",3,101,,,48,,,67,2,6,21,2,2,0,2
01-Dec-2021,STORE012,Downtown, Central ,Urban,Large,323,338,198,143,99,54,30,381,1.1796,8015.37,310.0,21.04,23.71,1132,33.66,"$5,657.69","USD 2,112.11",1,86,,,63,,,97,3,1,38,4,0,6,2
01-Mar-2021,Store-009,Peoria Area,south,Neighborhood,Medium,299,250,183,139,45,17,11,256,0.8562,"$6,221.09",203.0,24.3,24.88,727,35.21,"7,511.16","1,262.01",2,97 units,,,38,,,64,6,9,29,0,4,0,3
06/01/2021,STORE016,Industrial District,WEST,Neighborhood,Small,267,95,62,49,30,5,3,100,0.3745,"USD 3,189.40",88.0,31.89,33.57,328,30.49,"USD 1,751.00",$715.24,3,30,,,17,,,24,6,1,6,0,2,0,1
06/01/2021, STORE014 ,Memorial Corridor, South ,High Traffic,Large,301,348,224,185,122,23,25,394,1.309,9049.69,299.0,22.97,26.0,1118,35.24,"$7,772.20","2,291.93",2,165,,,118,,,156,9,3,54,4,4,0,5
08/01/2021,Store-016, Industrial District ,west,Neighborhood,Small,251,107,78,56,21,9,6,114,0.4542,"3,581.52",105.0,31.42,33.47,442,25.79,"USD 2,194.52",401.08,6,28,,,12,,,18,5,2,8,0,2,3,1
06/01/2024,STORE020,Central TLSA, Central ,Urban,Medium,258,235,133,114,55,26,19,233,0.9031,"4,587.12",168.0,19.69,19.52,1061,21.96,4783.58,"1,746.99",10,114,,,49,,,60,3,7,13,4,1,1,1
Apr 01 2024, STORE020 ,CENTRAL TULSA,central,Urban,Medium,294,239,163,137,52,17,11,243 units,0.8265,5471.19,151.0,22.52,22.89,724,33.56,"USD 6,556.86",1362.76,6,139,,,87,,,127,5,14,39,10,4,2,1
01-Mar-2023,store017,Southwest TLSA,SOUTH,Suburban,Medium,255,209,118,95,64,12,8,202,0.7922,7786.03,203.0,38.54,37.25,778,25.96,"$3,483.53",1361.06,1,83,,,42,,,51,4,2,12,5,2,0,0
03/01/2025,store001,North TLSA, North ,High Traffic,Large,300,440,257,222,69,47,20,393,1.31,"$9,290.79",422.0,23.64,21.12,1325,29.66,"USD 8,573.52","1,174.29",9,226,,,112,,,143,3,9,37,8,0,0,0
2023-09-01,store_012, Downtown ,Central,Urban,Large,303,247,190,164,82,32,17,321,1.0594,"3,964.36",182.0,12.35,16.05,1406,22.83,"$7,911.38","$1,641.02",0,141 units,,,41,,,51,6,4,13,6,7,1,0
06/01/2023,store010,suburban edge,suburban,Suburban,Small,243,81,72,64,29,16,9,126,0.5185,,95.0,23.09,35.92,448,28.12,3559.5,693.39,1,50,,,31,,,40,1,4,12,0,1,0,1
01-Jan-2023,store_015,UNIVERSITY AREA,CENTRAL,,Small,256,221,126,105,74,21,14,235,0.918,"$4,768.17",169.0,20.29,21.58,1271,18.49,"4,669.31",1201.62,11,90,,,69,,,95,2,6,24,4,4,2,0
May 01 2026,STORE016, Industrial District ,West,Neighborhood,Small,248,101,81,64,41,13,7,142,0.5726,"$3,059.67",117.0,21.55,30.29,691,20.55,"3,412.84",747.74,10,62,,,36,,,48,2,0,10,1,0,0,0
2023-01-01,store_002,East TLSA,East,Neighborhood,Medium,309,201,127,102,49,30,6,212,0.6861,7188.56,222.0,33.91,35.76,998,21.24,"USD 4,603.31",1902.98,7,54,,,21,,,43,0,3,22,2,1,3,1
10/01/2021,store019,Retail Plaza,Suburban,Retail Strip,Medium,280,202,126,92,68,27,10,231,0.825,"USD 5,759.04",242.0,24.93,28.51,719,32.13,"USD 4,685.48",1339.02,5,61,,,45,,,78,0,5,32,0,3,1,1
01-Jan-2024,store_012,DOWNTOWN,central,Urban,Large,329,354,233,195,57,38,27,355,1.079,"$10,264.10",319.0,28.91,28.99,1296,27.39,"8,644.59","USD 2,215.53",9,172,,,110,,,124,7,17,20 units,2,4,0,1
Aug 01 2023, STORE011 ,Airport Area,EAST,Retail Strip,Medium,305,213 units,135,104,58,24,14,231,0.7574,"6,528.32",173.0,28.26,30.65,781,29.58,"USD 4,015.80",726.49,9,79,,,76,,,79,4,7,11,8,2,1,2
09/01/2025,store_016,Industrial District, West ,,Small,228,77,60,50,25,7,9,101,0.443,"$2,741.44",92.0,27.14,35.6,458,22.05,"USD 2,737.82",$697.80,10,29,,,21,,,27,0,2,6,0,1,2,2
2024-03-01,Store-005,Midtown,CENTRAL,Urban,Large,290,386,292,265,115,37,38,482,1.6621,"$9,747.76",248.0,20.22,25.25,1461,32.99,"USD 13,400.73",2613.79,9,165,,,85,,,140,4,9,59,8,4,2,3
01-Jun-2021,STORE008,admiral area,East,High Traffic,Large,324,346,263,230,86,37,22,408,1.2593,"USD 8,763.05",342.0,21.48,25.33,2017,20.23,"12,935.32","$3,066.81",11,157,,,53,,,85,6,12,38,7,1,3,0
2025-10-01,store_012,Downtown, Central ,Urban,Large,309,291,226,191,58,54,18,356,1.1521,"USD 4,852.78",160.0,13.63,16.68,1611,22.1,10779.67,"USD 1,477.49",3,100,,,36,,,66,6,0,33,3,3,2,0
Oct 01 2022,store_001,north tulsa,North,High Traffic,Large,326,289,176,149,53,34,25,288,0.8834,"6,555.97",185.0,22.76,22.69,920,31.3,"USD 8,156.77",$925.15,8,106,,,68,,,78,9,4,19,9,1,3,1
01-May-2025,store_018,northeast tulsa,north,Neighborhood,,257,139,107,83,26,24,5,162,0.6304,"$3,354.71",100.0,20.71,24.13,541,29.94,"USD 4,122.54",866.74,0,70,,,31,,,45,9,2,14,3,3,1,0
2025-06-01,Store-016, Industrial District , West ,Neighborhood,Small,234,106,81,63,17,7,8,113,0.4829,"$2,996.96",139.0,26.52,28.27,412,27.43,"USD 3,159.05",$424.49,7,48,,,12,,,24,5,3,13,2,3,1,1
2026-01-01,store012,DOWNTOWN, Central ,Urban,Large,300,338,292,256,91,44,38,465,1.55,15558.31,399.0,33.46,46.03,1526,30.47,"$9,991.96","$3,678.39",7,178,,,47,,,74,2,10,25,12,3,0,1
01-Apr-2026,store014,MEMORIAL CORRIDOR,South,High Traffic,Large,305,445,288,222,134,75,30,527,1.7279,"USD 17,655.90",512.0,33.5,39.68,1630,32.33,"USD 7,947.13","1,604.56",6,218,,,85,,,149,3,8,72,10,1,2,1
11/01/2021,STORE019,Retail Plaza,Suburban,Retail Strip,Medium,273,209,150,120,64,36,7,257,0.9414,"$4,040.04",164.0,15.72,19.33,1199,21.43,6833.96,1122.19,4,115,,,31,,,52,0,11,27,0,3,1,0
02/01/2022, STORE018 ,Northeast Tulsa,North,Neighborhood,Small,270,142,120,88,47,17,6,190,0.7037,"USD 2,985.82",88.0,15.71,21.03,646,29.41,"3,868.34",570.61,2,56,,,29,,,51,8,1,23,2,3,0,0
02/01/2026,store_018,Northeast TLSA,north,Neighborhood,Small,269,119,70,58,29,14,11,124,0.461,"$3,749.69",148.0,30.24,31.51,462,26.84,"USD 2,054.44",978.35,2,52,,,32,,,45,9,5,12,3,3,1,2
06/01/2022, STORE005 , Midtown ,CENTRAL,Urban,Large,328,305,266,222,69,42,37,414,1.2622,"USD 5,250.63",191.0,12.68,17.22,1159,35.72,8303.01,"$1,791.38",11,131,,,43,,,67,0,4,28,6,3,1,0
07/01/2025,Store-004,west tulsa,West,Retail Strip,Medium,252,273,221,203,60,28,26,335 units,1.3294,8809.92,,26.3,32.27,1390,24.1,"8,157.27","2,162.95",2,110,,,60,,,90,3,3,32,8,1,3,0
10/01/2024,Store-010,Suburban Edge,Suburban,Suburban,Small,224,82,62,46,17,7,7,93,0.4152,"1,989.56",82.0,21.39,24.26,385,24.16,"1,655.71",396.35,9,37,,,21,,,31,2,2,10,1,1,2,1
01-Nov-2025,store012,Downtown,CENTRAL,Urban,Large,317,299,231,180,55,55,11,352,1.1104,9561.21,248.0,27.16,31.98,1737,20.26,"USD 6,929.63","2,741.32",4,132,,,100,,,141,1,1,37,4,5,2,2
01-Feb-2023,STORE004,West TLSA,west,Retail Strip,Medium,271,234,173,131,54,33,22,282,1.0406,10967.43,299.0,38.89,46.87,1168,24.14,5015.63,USD 993.29,3,139,,,38,,,67,9,8,36,2,2,1,1
01/01/2022,STORE004,West TLSA,West,Retail Strip,Medium,291,245,209,183,51,29,10,299 units,1.0275,"USD 9,158.47",330.0,30.63,37.38,883,33.86,"USD 7,833.69","$2,125.55",8,119,,,64,,,89,1,5,22,10,2,1,2
01-Aug-2025,store_008,Admiral Area,East,High Traffic,Large,322,363,273,232,137,33,25,468,1.4534,,,37.01,47.72,1428,32.77,"USD 12,354.93","$2,585.41",11,136,,,114,,,127,0,16,21,5,2,2,2
12/01/2022,Store-012, Downtown ,Central,Urban,,297 units,268,190,153,97,21,21,329,1.1077,"6,008.43",231.0,18.26,22.42,1358,24.23,"7,714.58","2,164.62",4,140,,,72,,,112,2,0,47,4,2,0,1
09/01/2021,store009,PEORIA AREA,South,Neighborhood,Medium,266,198,122,94,36,26,8,192,0.7218,"$5,321.59",222.0,27.72,26.88,772,24.87,"USD 3,719.31","USD 1,700.51",9,71,,,26,,,34,1,5,11,1,1,0,3
Mar 01 2025,STORE007,UNION AREA, West ,Neighborhood,Small,269,227,147,130,49,20,21,237,0.881,9396.57,240.0,39.65,41.39,807,,"5,097.38",$668.77,3,76,,,59,,,85,5,10,27,6,3,2,1
Dec 01 2023,Store-019, Retail Plaza ,SUBURBAN,Retail Strip,Medium,256,269,216,190,93,54,26,389,1.5195,"$9,180.85",361.0,23.6,34.13,2070,18.79,"$9,431.88","$1,280.22",5,84,,,58,,,74,5,2,14,4,7,2,0
04/01/2026,STORE013,brookside,CENTRAL,Urban,Medium,258,240,154,127,56,44,19,273,1.0581,"6,936.81",208.0,25.41,28.9,1199,22.77,"$4,591.82","1,880.72",1,112,,,36,,,57,8,5,26,3,2,0,0
07/01/2022, STORE015 ,UNIVERSITY AREA,Central,Student Area,Small,224,150,140,112,30,26,7,203,0.9062,6720.91,193.0,33.11,44.81,688,29.51,"USD 4,064.27",1699.72,10,93,,,31,,,42,8,1,13,3,3,2,2
Dec 01 2023,store_012,downtown,CENTRAL,Urban,Large,330,314,211,185,64,56,25,356,1.0788,"$4,126.15",186.0,11.59,13.14,1503,23.69,"8,027.05","$2,169.34",4,144,,,70,,,83,4,9,15,6,1,0,2
01-Mar-2021,store015,university area,central,Student Area,Small,268,177,160,128,68,38,20,286,1.0672,3273.1,133.0,11.44,18.49,1281,22.33,"USD 6,461.06",$611.99,1,105,,,38,,,59,3,3,22,1,2,2,0
07/01/2022,store_012,Downtown,Central,Urban,Large,296,231,158,131,48,15,10,231,0.7804,"4,904.98",149.0,21.23,21.23,1007,22.94,"$5,175.61","1,329.15",4,114,,,45,,,70,9,3,23,2,1,0,3
02/01/2024,Store-005,MIDTOWN, Central ,Urban,Large,296,385,239,210,98,52,16,405,1.3682,"13,693.10",468.0,33.81,35.57,1966,20.6,"USD 7,853.66",3465.53,10,135,,,87,,,133,8,2,56,1,0,0,0
01-Jun-2021, STORE010 , Suburban Edge ,Suburban,Suburban,Small,224,72,46,37,18,6,5,75,0.3348,"1,856.64",58.0,24.76,25.79,403 units,18.61,2020.02,261.73,3,34,,,14,,,19,6,0,5,0,3,1,2
01-May-2024,store019,retail plaza, Suburban ,Retail Strip,Medium,300,291,211,183,66,31,31,339,1.13,6250.96,293.0,18.44,21.48,1184,28.63,"$7,616.65","$2,785.73",3,166,,,38,,,66,8,14,28,12,3,1,1
2023-03-01,STORE019, Retail Plaza ,suburban,Retail Strip,Medium,279,304,210,174,102,23,33,368,1.319,"USD 9,878.75",265.0,26.84,32.5,1038,35.45,"USD 8,412.98","$1,303.00",9,131,,,60,,,107,1,8,49,0,3,1,0
May 01 2026, STORE007 ,UNION AREA,WEST,Neighborhood,Small,251,162,137,103,42,32,16,227,0.9044,3538.29,121.0,15.59,21.84,1207,18.81,4855.31,USD 769.51,6,94,,,45,,,55,0,8,9,6,2,1,1
2023-12-01,Store-015,university area,Central,Student Area,Small,262,227,172,144,77,22,21,292,1.1145,"USD 7,079.25",245.0,24.24,31.19,1562,18.69,7613.3,"USD 1,763.00",7,56,,,73,,,102,3,0,26,0,4,3,1
Oct 01 2025,STORE009,Peoria Area,SOUTH,Neighborhood,Medium,268,166,164,127,48,35,18,265,0.9888,"$4,657.07",125.0,17.57,28.05,976,27.15,6565.2,883.04,10,72,,,55,,,81,7,3,26,2,2,2,2
2024-05-01,store008,Admiral Area, East ,High Traffic,Large,320,377,305,272,98,73,26,502,1.5688,8557.15,225.0,17.05,22.7,2272,22.1,9748.33,"1,625.56",9,173,,,70,,,111,8,8,39,0,3,0,1
2026-05-01,Store-008,Admiral Area,EAST,High Traffic,Large,315,409,274,200,105,63,21,463,1.4698,,,17.41,19.71,1633,,10739.98,3929.0,5,128,,,72,,,133,1,4,62,9,0,1,3
01-Jun-2023,store011,Airport Area,east,Retail Strip,Medium,296,241,183,140,85,38,12,318,1.0743,"USD 5,800.33",204.0,18.24,24.07,933,34.08,"$6,953.78","USD 1,686.08",1,105,,,57,,,71,6,4,16,4,1,1,1
Dec 01 2025,STORE009,Peoria Area, South ,Neighborhood,Medium,278,230,178,146,78,18,16,290,1.0432,7234.89,237.0,24.95,31.46,1136,25.53,"6,589.05",USD 691.09,4,74,,,51,,,89,0,5,34,0,2,2,2
01-Oct-2022,store006,Riverside,SOUTH,Retail Strip,Medium,255,261,218,162,77,35,30,360,1.4118,6228.97,216.0,17.3,23.87,1102,32.67,"8,172.69",2833.48,9,91,,,94,,,122,3,1,30,2,2,1,0
09/01/2021,store_011, Airport Area ,East,Retail Strip,Medium,300 units,167,157,117,44,26,19,246,0.82,7694.5,222.0,31.28,46.07,1168,21.06,5072.01,"1,162.02",10,76,,,24,,,35,1,6,15,3,1,1,1
2025-02-01,store_004, West Tulsa ,WEST,Retail Strip,Medium,307,287,160,132,60,29,29,278,0.9055,7792.54,317.0,28.03,27.15,1354,20.53,6894.77,"1,798.19",6,101,,,32,,,62,7,8,33,7,3,3,2
05/01/2022,store003,South TLSA,south,Neighborhood,Small,274,101,76,68,26,20,11,133,0.4854,"$2,735.29",115.0,20.57,27.08,400,33.25,"2,701.28",USD 861.42,6,31,,,19,,,29,0,1,10,2,1,0,1
2021-11-01,store010,Suburban Edge, Suburban ,Suburban,Small,221 units,62,53,41,21,6,5,85 units,0.3846,"USD 1,988.33",71.0,23.39,32.07,252,33.73,"USD 2,343.68",390.93,4,35,,,8,,,13,3,0,5,2,2,3,3
01-Dec-2022,STORE002,East Tulsa,east,Neighborhood,Medium,272,187,157,127,44,36,8,245 units,0.9007,"$5,706.88",195.0,23.29,30.52,941,26.04,"$5,993.59","2,079.81",10,100,,,69,,,80,4,9,9,7,5,1,2
Aug 01 2021, STORE001 ,NORTH TULSA, North ,High Traffic,Large,307,249,176,160,103,35,28,342 units,1.114,8463.09,237.0,24.75,33.99,1330,25.71,"USD 7,430.51",754.84,11,123,,,58,,,87,6,4,30,11,5,2,0
2024-11-01,store012,downtown, Central ,Urban,,327,273,178,143,60,37,24,299,0.9144,"$5,687.18",255.0,19.02,20.83,979,30.54,"6,685.13","$1,266.25",7,108,,,101,,,135,5,4,34,1,0,2,1
01-Jun-2022,Store-015,University Area, Central ,Student Area,Small,263,148,123,98,59,10,19,211 units,0.8023,"USD 4,007.23",135.0,18.99,27.08,1131,18.66,"$5,296.53","1,152.87",9,69,,,42,,,64,0,7,26,2,3,0,0
Oct 01 2021, STORE020 ,central tulsa,central,Urban,Medium,300,204,175,147,48,23,10,256,0.8533,"USD 5,872.45",248.0,22.94,28.79,1193,21.46,"$7,809.89",2213.3,7,76,,,68,,,96,3,8,25,4,5,3,2
04/01/2023,store_015,University Area,Central,Student Area,Small,249,213,148,108,58,38,23,267,1.0723,"4,821.46",133.0,18.06,22.64,1257,21.24,"6,077.41",2086.17,5,75,,,67,,,96,3,7,29,0,2,2,1
Jan 01 2026,store014, Memorial Corridor ,south,High Traffic,Large,303,551,305,231,115,74,53,547,1.8053,"7,210.43",331.0,13.18,13.09,1853,29.52,"USD 8,941.19","3,105.44",3,255,,,134,,,154,0,14,35,3,5,0,0
01-Jul-2025, STORE020 ,Central TLSA,Central,Urban,Medium,290,247,212,162,70,40,24,346,1.1931,"10,333.14",292.0,29.86,41.83,1623,21.32,"$7,452.04","1,475.66",11,118,,,70,,,108,2,12,36,9,2,0,1
2021-01-01,Store-011,Airport Area, East ,Retail Strip,Medium,303,236,195,156,65,28,12,300,0.9901,"USD 5,033.75",195.0,16.78,21.33,1365,21.98,8459.63,"USD 1,241.38",2,98,,,47,,,72,2,12,27,3,3,0,1
08/01/2021,Store-008,Admiral Area, East ,High Traffic,Large,319,327,243,207,96,31,27,397 units,1.2445,"USD 6,610.22",314.0,16.65,20.21,1472,26.97,8558.99,"1,246.58",4,163,,,49,,,75,9,9,25,1,3,1,1
01-Aug-2022, STORE001 ,North Tulsa,north,High Traffic,,335,298,240,210,74,23,22,359,1.0716,"USD 13,193.92",385.0,36.75,44.27,1304,27.53,7400.49,"USD 2,602.22",7,135,,,41,,,62,2,12,24,9,4,1,1
03/01/2022,store003,SOUTH TULSA,South,Neighborhood,Small,259,119,103,96,35,8,12,158,0.61,"$3,203.63",138.0,20.28,26.92,750,21.07,3781.34,321.7,3,39,,,27,,,32,5,5,8,3,1,2,0
Oct 01 2023,store005,MIDTOWN, Central ,Urban,Large,301,254 units,224,185,95,51,28,398,1.3223,"$9,969.55",338.0,25.05,39.25,1187,33.53,"8,381.32","USD 1,984.42",3,103,,,78,,,126,2,12,43,9,3,2,1
11/01/2022,store_012, Downtown ,CENTRAL,Urban,Large,292,250,204,167,81,50,19,354,1.2123,6453.03,239.0,18.23,25.81,996,35.54,"USD 5,938.80",2272.28,8,124,,,45,,,64,2,4,18,9,1,0,2
2024-08-01,store003,SOUTH TULSA,South,Neighborhood,Small,247,100,68,61,19,14,3,104,0.4211,"$2,570.80",65.0,24.72,25.71,358,29.05,"USD 2,135.06",USD 384.31,7,28,,,29,,,40,9,4,12,1,1,2,0
01-Aug-2022,store003,south tulsa,South,Neighborhood,Small,271,95,61,53,23,16,8,108,0.3985,"USD 2,297.29",70.0,21.27,24.18,379,28.5,"USD 2,555.30",471.57,6,47,,,19,,,22,3,2,5,0,5,0,1
Mar 01 2024,store008,Admiral Area,East,High Traffic,Large,317,481,272,233,132,63,24,491,1.5489,9345.76,280.0,19.03,19.43,2504,19.61,"11,824.23",3322.48,4,192,,,83,,,130,9,17,47,6,2,2,2
Oct 01 2022,Store-008,admiral area,EAST,High Traffic,Large,294,326,200,173,125,20,25,370,1.2585,"$10,340.35",307.0,27.95,31.72,1098,33.7,"$6,404.58",1202.29,0,150,,,80,,,91,5,15,18,9,1,1,2
11/01/2023, STORE016 ,INDUSTRIAL DISTRICT, West ,Neighborhood,Small,240,95,55,47,31,10,6,102,0.425,"USD 1,572.08",55.0,15.41,16.55,374,27.27,"$2,664.60",402.88,7,44,,,28,,,36,7,2,12,3,6,2,1
09/01/2024,store006,Riverside,SOUTH,Retail Strip,Medium,299,306,235,192,60,25,21,341,1.1405,8598.37,387.0,25.22,28.1,1520,22.43,"$7,887.94","$1,773.11",0,160,,,74,,,97,6,5,33,5,2,1,1
08/01/2022, STORE019 ,Retail Plaza,suburban,Retail Strip,Medium,293,279,169,124,76,15,25,285,0.9727,9516.63,331.0,33.39,34.11,1323,21.54,"6,551.94",1449.62,6,142,,,47,,,69,5,0,24 units,2,2,2,0
Jul 01 2021,store_016, Industrial District , West ,Neighborhood,Small,276,90,51,43,27,12,6,96,0.3478,2288.92,88.0,23.84,25.43,304,31.58,"2,129.78",USD 439.52,10,28,,,12,,,24,5,2,13,1,3,3,2
01-Dec-2023,store_002,East TLSA,east,Neighborhood,Medium,297,190,143,115,62,25,9,239,0.8047,"USD 3,599.83",122.0,15.06,18.95,888,,5551.73,2147.61,4,83,,,34,,,42,3,4,9,6,2,0,1
01-Jul-2023, STORE003 ,south tulsa,South,Neighborhood,Small,269,113,78,66,35,15,6,134,0.4981,"USD 4,192.83",117.0,31.29,37.1,577,23.22,"3,370.29",632.39,8,64,,,37,,,46,6,5,13,4,3,0,0
Jun 01 2023, STORE006 , Riverside ,south,Retail Strip,Medium,291,322,236,171,57,38,30,361,1.2405,7937.0,254.0,21.99,24.65,1224,29.49,"$8,217.34",2194.22,0,157,,,104,,,146,2,15,36,7,3,3,2
01-Mar-2023,STORE010,SUBURBAN EDGE,Suburban,Suburban,Small,224,92,61,52,26,15,4,106,0.4732,4383.37,116.0,41.35,47.65,481,22.04,"USD 2,979.11",USD 752.90,4,40,,,26 units,,,37,7,2,13,1,1,1,1
2024-10-01,STORE002,East TLSA,East,Neighborhood,Medium,262,167,139,119,36,31,13,219,0.8359,"$6,208.46",201.0,28.35,37.18,921,23.78,5070.41,1589.58,8,97,,,36,,,54,3,7,24,4,4,2,1
01-Mar-2023,STORE016,Industrial District,West,Neighborhood,Small,259,100 units,70,50,38,7,6,121,0.4672,2654.1,110.0,21.93,26.54,348,34.77,"2,337.52",USD 635.25,8,43,,,29,,,47,7,1,18,1,2,1,2
Aug 01 2021,store_019, Retail Plaza , Suburban ,Retail Strip,Medium,305,256,181,133,76,23,20,300,0.9836,"USD 5,338.14",182.0,17.79,20.85,1120,26.79,"6,026.72","USD 1,739.16",8,131,,,53,,,85,5,3,29,0,3,1,1
11/01/2025,STORE001,North Tulsa,north,High Traffic,Large,314,353,274,198,114,55,34,477,1.5191,6260.48,293.0,13.12,17.74,2214,21.54,"$9,627.04",3345.87,2,190,,,58,,,70,9,4,17 units,10,3,0,1
Oct 01 2022,store003,SOUTH TULSA,South,Neighborhood,Small,236,113,89,82,35,7,5,136,0.5763,"USD 2,776.09",79.0,20.41,24.57,480,28.33,"USD 4,222.23","1,155.94",3,50,,,32,,,44,9,0,12,4,4,3,1
01-Nov-2025, STORE004 , West Tulsa ,West,Retail Strip,Medium,254,301,187,161,100,16,23,326,1.2835,"$5,165.94",183.0,15.85,17.16,1015,32.12,8405.49,"$2,402.79",9,93,,,75,,,89,7,10,13 units,2,4,0,0
Sep 01 2022, STORE006 ,riverside,South,Retail Strip,Medium,250,226,152,121,42,16,11,221,0.884,"USD 6,955.62",269.0,31.47,30.78,789,28.01,6235.9,"1,202.93",1,74,,,53,,,74,1,1,23,8,1,0,1
01-Apr-2025,STORE014,MEMORIAL CORRIDOR,South,High Traffic,,292,530,307,259,168,75,35,585,2.0034,,430.0,16.96,18.72,2390,24.48,"12,353.28","USD 3,767.97",8,137,,,155,,,219,4,12,78,4,2,0,0
01-Apr-2025,store015,University Area, Central ,Student Area,Small,273,277,206,179,81,21,23,331,1.2125,"USD 5,114.62",154.0,15.45,18.46,1242,26.65,"$10,286.96",1336.92,10,90,,,68,,,86,7,1,27,7,2,1,1
12/01/2024,store_009,Peoria Area,South,Neighborhood,Medium,256,230,142,114,59,29,16,246,0.9609,"$5,056.65",199.0,20.56,21.99,748,32.89,"5,359.72","$1,789.56",5,99,,,67,,,75,4,2,14,4,1,0,4
Nov 01 2024,store005,Midtown, Central ,Urban,Large,322,367,273,212,70,23,25,391,1.2143,6139.02,245.0,15.7,16.73,1269,30.81,"7,561.01",2237.57,0,104,,,41,,,53,6,12,16,8,1,0,1
Aug 01 2022,store011,airport area, East ,Retail Strip,Medium,307,248,141,103,57,17,23,238,0.7752,"6,519.57",185.0,27.39,26.29,1285,18.52,"USD 5,458.10","$1,688.34",5,77,,,73,,,90,5,5,15,2,1,1,1
01-May-2021,store_017,SOUTHWEST TULSA,South,Suburban,Medium,279,171,135,118,51,20,14,220,0.7885,"USD 3,475.84",115.0,15.8,20.33,622,35.37,"4,480.99","USD 1,570.59",0,79,,,53,,,63,7,6,9,1,3,1,3
2026-02-01,store_004,WEST TULSA,west,Retail Strip,Medium,251,244,188,159,61,46,24,319,1.2709,"6,733.12",249.0,21.11,27.59,1119,28.51,"$6,671.47",677.65,3,78,,,84,,,118,6,13,44,10,2,1,0
Mar 01 2025,Store-014, Memorial Corridor ,South,High Traffic,Large,311,549,430,388,160,76,53,719 units,2.3119,"$10,142.67",330.0,14.11,18.47,3294,21.83,21179.87,2619.82,2,235,,,93,,,144,1,7,62,15,3,1,2
Oct 01 2023,store_009, Peoria Area ,South,Neighborhood,,288,211,167,154,48,14,19,248,0.8611,"$8,394.93",276.0,33.85,39.79,1025,24.2,"USD 7,511.58",1482.68,10,115,,,72,,,86,8,10,11,3,1,0,0
Sep 01 2024,STORE014,Memorial Corridor,south,High Traffic,Large,293,369,276,224,129,42,37,484,1.6519,"14,863.30",450.0,30.71,40.28,1462,33.11,"8,966.14","$1,229.31",4,127,,,108,,,120,4,9,24,14,3,2,1
2021-08-01,store017,SOUTHWEST TULSA,South,Suburban,Medium,295,157,97,86,54,9,17,177,0.6,,154.0,31.04,34.99,942,18.79,"USD 3,827.41",$553.58,3,44,,,49,,,60,0,6,10,2,4,1,1
Feb 01 2025,Store-017,Southwest Tulsa,South,Suburban,Medium,304,168,153,111,57,13,21,244,0.8026,"6,074.50",165.0,24.9,36.16,1209,20.18,"5,426.93","USD 1,332.70",8,52,,,35,,,45,6,5,15,6,3,1,0
01-Mar-2024,store_013,BROOKSIDE,CENTRAL,Urban,Medium,263,253,231,212,108,29,21,389,1.4791,"$8,482.04",332.0,21.8,33.53,1836,21.19,"10,155.12","$2,601.73",0,114,,,80,,,113,7,7,44,4,0,2,0
2025-06-01,Store-014, Memorial Corridor , South ,High Traffic,Large,294,405,298,242,78,29,41,446,1.517,"USD 12,247.94",523.0,27.46,30.24,1339,33.31,"13,368.97","USD 1,481.27",5,157,,,63,,,92,6,10,32,6,3,0,0
2025-10-01,Store-003, South Tulsa ,SOUTH,Neighborhood,Small,244,93,88,71,26,19,6,139,0.5697,"2,092.80",55.0,15.06,22.5,588,23.64,3422.79,USD 892.13,0,48,,,15,,,30,9,0,15,0,4,0,2
01-Jul-2024,STORE019,RETAIL PLAZA,SUBURBAN,Retail Strip,Medium,257,281,203,158,64,23,26,316,1.2296,"$8,586.46",315.0,27.17,30.56,1103,28.65,"$6,427.92",655.52,8,91,,,93,,,110,5,4,30,9,4,3,0
2022-10-01,store_019,RETAIL PLAZA,SUBURBAN,Retail Strip,Medium,286,228,164,145,78,26,10,278,0.972,"USD 8,014.26",276.0,28.83,35.15,891,31.2,"7,908.65",1993.92,1,107,,,84,,,112,4,3,25,5,6,2,2
2025-08-01,store_011,Airport Area,east,Retail Strip,Medium,261,231,151,132,62,16,14,243,0.931,4514.38,201.0,18.58,19.54,1183,20.54,4799.16,"1,012.23",11,109,,,73,,,91,2,5,22,2,2,2,0
02/01/2023,store_015,UNIVERSITY AREA, Central ,Student Area,,258,176,148,121,53,31,22,254,0.9845,8312.85,227.0,32.73,47.23,1263,20.11,"6,601.54",$941.55,6,75,,,28,,,54,4,6,27,6,4,1,0
2022-05-01, STORE012 ,downtown,central,Urban,Large,303 units,274,191,155,81,27,13,312,1.0297,"$12,081.57",323.0,38.72,44.09,1260,24.76,5747.82,$629.68,4,142,,,36,,,70,2,12,40,1,2,0,0
Sep 01 2024,store_013,Brookside, Central ,Urban,Medium,258,218,136,124,40,31,15,222,0.8605,"$6,621.98",174.0,29.83,30.38,940,23.62,"USD 4,924.45","$1,612.34",11,70,,,28 units,,,50,0,2,27,2,2,2,1
Apr 01 2022,STORE009,PEORIA AREA, South ,Neighborhood,Medium,275,234,150,123,87,14,11,262,0.9527,"$6,526.69",206.0,24.91,27.89,940,27.87,"$6,738.80",$676.02,7,65,,,48,,,66,3,3,26,2,1,2,0
03/01/2026, STORE005 ,Midtown,Central,Urban,Large,298,363,280,262,138,24,14,456,1.5302,"8,471.08",295.0,18.58,23.34,2496,18.27,14859.83,"3,709.96",6,187,,,65,,,116,0,7,52,13,4,5,2
01-Feb-2023,store007,union area, West ,Neighborhood,Small,275,160,111,86,46,17,8,182 units,0.6618,"$4,250.07",143.0,23.35,26.56,516,35.27,"USD 4,279.88",USD 893.55,4,66,,,28,,,38,7,8,14,2,3,1,1
2025-08-01,store_011,Airport Area,east,Retail Strip,Medium,261,231,151,132,62,16,14,243,0.931,4514.38,201.0,18.58,19.54,1183,20.54,4799.16,"1,012.23",11,109,,,73,,,91,2,5,22,2,2,2,0
01-Dec-2024,Store-002,east tulsa, East ,Neighborhood,Medium,295,180,114,102,52,12,18,196,0.6644,"USD 2,884.85",121.0,14.72,16.03,932,21.03,"$3,687.29",1175.48,11,61,,,62,,,94,6,9,29,1,2,0,0
09/01/2023,Store-010, Suburban Edge ,suburban,Suburban,Small,223,67,53,39,23,5,3,84,0.3767,"1,604.36",58.0,19.1,23.95,307,27.36,"1,812.23",USD 560.96,6,28,,,17,,,25,5,0,7,0,5,2,2
01-Nov-2024,store004,West TLSA,west,Retail Strip,Medium,287,284,162,141,47,36,13,258,0.899,,210.0,30.57,27.77,1074,24.02,"$7,691.91","2,100.73",6,114,,,64,,,81,7,1,17,4,2,0,0
2021-07-01,STORE005, Midtown ,CENTRAL,Urban,Large,338,303,225,191,80,35,31,371,1.0976,"$9,103.43",382.0,24.54,30.04,1257,29.51,9062.98,2899.94,0,158,,,82,,,115,1,1,38,0,7,2,0
2021-09-01, STORE019 , Retail Plaza ,Suburban,Retail Strip,Medium,274,204,171,160,82,24,15,292,1.0657,"9,222.84",249.0,31.59,45.21,1335,21.87,6688.55,"$1,874.14",5,105,,,56 units,,,66,0,4,12,1,4,2,0
2022-03-01, STORE008 ,admiral area,East,High Traffic,Large,325,458,280,217,152,49,49,530,1.6308,"9,723.73",381.0,18.35,21.23,2708,19.57,"USD 7,999.83","4,106.11",0,189,,,100,,,125,5,16,20,13,4,0,2
01-May-2026,Store-013,BROOKSIDE,central,Urban,Medium,283,284,211,154,62,28,28,329,1.1625,"4,888.29",174.0,14.86,17.21,1693,19.43,"$7,716.26","$1,547.48",8,86,,,57,,,72,5,4,19,5,2,1,0
2025-08-01, STORE015 ,University Area,CENTRAL,Student Area,Small,234,182,154,136,41,33,14,242,1.0342,"USD 6,215.95",168.0,25.69,34.15,1192,20.3,"6,386.20",USD 802.04,7,81,,,49,,,60,2,4,11,5,1,2,1
03/01/2022, STORE015 ,university area,CENTRAL,Student Area,Small,224,189,154,121,59,29,8,250,1.1161,2918.21,127.0,11.67,15.44,1027,24.34,"4,878.59",$590.94,0,74,,,49,,,62,7,5,15,3,3,1,0
Jul 01 2022,store006,Riverside, South ,Retail Strip,Medium,290,317,231,207,64,27,28,350,1.2069,"4,753.19",212.0,13.58,14.99,1044,33.52,7930.26,2811.32,9,114,,,58,,,88,6,12,29,10,0,2,2
Jul 01 2022,store011,Airport Area,EAST,Retail Strip,Medium,297 units,256,189,177,53,15,27,284,0.9562,"$6,636.44",195.0,23.37,25.92,1212,23.43,"USD 10,137.52",1232.89,1,135,,,44,,,82,1,3,35,7,3,2,2
06/01/2022,store011,Airport Area,EAST,Retail Strip,Medium,257,252,186,172,73,19,29,307,1.1946,"8,170.45",303.0,26.61,32.42,1162 units,26.42,"7,746.84","$2,287.76",10,74,,,75,,,109,0,9,35 units,9,2,0,1
2023-01-01, STORE006 ,RIVERSIDE, South ,Retail Strip,Medium,255,340,191,137,91,32,14,328,1.2863,"$15,377.04",444.0,46.88,45.23,1008,32.54,"6,673.37","2,235.15",6,86,,,53,,,74,1,6,30,7,3,0,3
06/01/2024,STORE004,west tulsa,west,Retail Strip,Medium,304,238,174,144,59,18,15,266,0.875,5571.83,265.0,20.95,23.41,1093,24.34,"USD 6,236.35","$1,469.21",7,136,,,78,,,104,2,6,37,6,3,1,2
05/01/2021,STORE009,Peoria Area,South,Neighborhood,Medium,288,231,170,136,78,33,19,300,1.0417,"USD 10,263.71",263.0,34.21,44.43,1160,25.86,"USD 5,272.40",2162.94,2,124,,,32,,,43,4,7,12,2,1,1,0
02/01/2025, STORE015 ,university area, Central ,Student Area,Small,241,200,181,165,40,19,20,260,1.0788,5742.26,257.0,22.09,28.71,988,26.32,6626.65,"1,000.57",4,90,,,54,,,71,2,6,17,0,2,0,0
10/01/2022,store_014,memorial corridor,SOUTH,High Traffic,Large,294,364,222,169,119,31,36,408,1.3878,"USD 10,965.42",482.0,26.88,30.12,1251,32.61,"USD 6,826.72","$2,910.82",0,157,,,106,,,144,4,14,32,1,2,1,2
2025-01-01,store_018,northeast tulsa,north,Neighborhood,Small,227,168,122,111,43,17,16,198,0.8722,"$3,050.71",145.0,15.41,18.16,555,35.68,"6,185.87",USD 427.55,11,77,,,48,,,55,1,5,11,4,2,2,0
01-Jul-2024,store010,suburban edge,SUBURBAN,Suburban,Small,258,87,59,53,13,12,5,89,0.345,"1,534.41",51.0,17.24,17.64,252,35.32,"$2,451.40",389.38,10,30,,,14,,,21,5,1,10,1,5,0,2
05/01/2023,store_002,East TLSA,east,Neighborhood,Medium,267,195,148,127,40,26,18,232,0.8689,6049.4,174.0,26.07,31.02,861,26.95,"USD 4,568.95",$534.75,2,64,,,49,,,77,2,5,29,0,2,4,3
2024-03-01,store003,South Tulsa,south,Neighborhood,Small,276,112,92,71,37,17,8,154,0.558,"3,308.34",102.0,21.48,29.54,779,19.77,"USD 3,208.43","USD 1,285.39",9,59,,,19,,,38,8,0,18,2,5,1,1
12/01/2025,store008, Admiral Area ,east,High Traffic,,330,432,325,240,167,29,49,570,1.7273,"$11,922.56",460.0,20.92,27.6,3035,18.78,13546.92,1952.39,6,190,,,90,,,111,9,17,27,6,3,3,1
2022-03-01,store_011,AIRPORT AREA, East ,Retail Strip,Medium,259,317,251,205,75,26,20,372,1.4363,"8,247.83",244.0,22.17,26.02,1141,32.6,7219.59,"$1,894.22",6,165,,,93,,,126,8,9,43,5,2,0,1
01-Mar-2022,store006,Riverside, South ,Retail Strip,Medium,280,357,243,222,62,34,36,375,1.3393,"USD 10,278.61",258.0,27.41,28.79,1090,34.4,"8,565.92","2,322.01",6,113,,,93,,,120,8,4,41,6,5,3,0
01-Oct-2023,Store-017, Southwest Tulsa , South ,Suburban,Medium,277,179,105,75,43,11,20,179,0.6462,"6,984.41",206.0,39.02,39.02,991,18.06,"USD 2,779.21",USD 993.16,6,70,,,46,,,59,0,0,16,3,3,0,0
01-Apr-2026,store_011,Airport Area,east,Retail Strip,Medium,269,269,180,141,96,53,32,361,1.342,"5,890.17",215.0,16.32,21.9,1627,22.19,"USD 6,374.05","USD 2,146.14",8,157,,,97,,,121,8,2,37,5,1,1,0
2023-08-01,store_007,Union Area, West ,Neighborhood,Small,282 units,147,117,105,52,12,8,189,0.6702,"USD 3,220.86",100.0,17.04,21.91,868,21.77,3994.15,USD 479.37,1,78,,,46,,,66,5,0,23,3,4,3,0
Jun 01 2024,Store-005,midtown,CENTRAL,Urban,Large,300,300 units,255,194,108,47,34,444,1.48,"USD 9,341.25",256.0,21.04,31.14,1308,33.94,"9,005.50",2777.03,10,178,,,92,,,128,5,13,50,2,0,3,1
Feb 01 2022,store007, Union Area ,west,Neighborhood,Small,225,138 units,112,89,40,25,10,187,0.8311,"4,482.53",155.0,23.97,32.48,726,25.76,4340.28,"$1,472.57",2,52 units,,,29,,,35,6,4,9,4,5,0,2
2022-05-01,Store-008,admiral area, East ,High Traffic,Large,303,431,253,208,133,28,14,428,1.4125,9407.83,294.0,21.98,21.83,1659,25.8,9520.34,"$1,566.11",1,112,,,93,,,130,2,1,43,0,3,2,0
06/01/2022,store_009,peoria area, South ,Neighborhood,Medium,268,220,167,129,65,21,15,268,1.0,"5,037.60",160.0,18.8,22.9,952,28.15,"USD 7,267.74",USD 923.57,6,68,,,48,,,67,2,1,18,6,1,2,4
02/01/2025,STORE011,airport area, East ,Retail Strip,Medium,294,305,240,180,51,19,22,332,1.1293,"$8,929.10",276.0,26.89,29.28,1428,23.25,"USD 6,652.37","2,320.86",10,143,,,34,,,47,9,12,13,3,1,0,2
Mar 01 2021,Store-020,central tulsa, Central ,Urban,Medium,278,267,160,140,41,37,14,252,0.9065,"USD 5,571.07",164.0,22.11,20.87,1237,20.37,"USD 6,947.70",USD 756.22,3,118,,,47,,,68,2,9,19,2,2,2,1
Sep 01 2022, STORE011 ,Airport Area,EAST,Retail Strip,Medium,273,222,156,140,55,26,14,251,0.9194,"$8,059.94",205.0,32.11,36.31,848,29.6,5135.86,"1,665.53",4,117,,,61,,,73,7,4,10,3,1,0,0
01-Apr-2026,STORE007,Union Area,West,Neighborhood,Small,221,193,152,119,30,25,15,222,1.0045,"USD 5,538.57",171.0,24.95,28.7,907,24.48,"6,814.39",1580.55,8,76,,,54,,,77,9,1,27,4,2,0,2
09/01/2022,store_014,memorial corridor,SOUTH,High Traffic,Large,293,397,301,257,103,37,27,468,1.5973,"$17,842.71",484.0,38.13,44.94,2227,21.01,14637.52,"3,200.66",9,163,,,132 units,,,170,6,16,57,0,4,0,3
Jan 01 2026,store019, Retail Plaza , Suburban ,Retail Strip,Medium,285,376,238,223,84,33,16,371,1.3018,"12,694.06",375.0,34.22,33.76,1979,18.75,"USD 10,651.24","3,072.53",4,125,,,42,,,59,6,8,18,9,2,1,3
2024-05-01,Store-015,University Area, Central ,Student Area,Small,223,217,190,171,84,37,26,337,1.5112,"7,762.12",235.0,23.03,35.77,1791,18.82,"$8,175.55","2,978.03",2,75,,,46,,,62,3,6,23,2,1,0,2
2024-05-01, STORE013 , Brookside ,CENTRAL,Urban,Medium,260,250,234,193,72,39,14,359,1.3808,3732.41,162.0,10.4,14.93,1513,23.73,"USD 7,949.93",844.48,3,142,,,64,,,91,8,14,35 units,8,4,3,1
Apr 01 2025,store_008,ADMIRAL AREA,east,High Traffic,Large,320,452,319,296,162,72,21,574,1.7937,19779.69,607.0,34.46,43.76,3014 units,19.04,"17,094.64","USD 4,250.42",3,167,,,129,,,148,5,13,28,11,0,0,1
2023-03-01,STORE019, Retail Plaza ,suburban,Retail Strip,Medium,279,304,210,174,102,23,33,368,1.319,"USD 9,878.75",265.0,26.84,32.5,1038,35.45,"USD 8,412.98","$1,303.00",9,131,,,60,,,107,1,8,49,0,3,1,0
05/01/2022,Store-014,Memorial Corridor,South,High Traffic,Large,317,432,282,245,134,52,29,497,1.5678,"9,430.04",261.0,18.97,21.83,1979,25.11,"9,867.92","USD 2,097.55",7,117,,,137,,,157,0,21,31,14,2,2,1
2024-07-01,STORE018,Northeast Tulsa,NORTH,Neighborhood,Small,233,126,85,70,27,17,13,142 units,0.6094,"2,812.07",127.0,19.8,22.32,397,35.77,3255.85,"1,118.53",8,48,,,18,,,29,7,3,11,1,7,3,1
01-Jul-2025,STORE017,SOUTHWEST TULSA, South ,Suburban,Medium,299,186,157,113,62,16,8,243,0.8127,7541.62,222.0,31.04,40.55,1001,24.28,"USD 5,028.93",USD 952.18,8,88,,,60,,,82,8,1,21,5,5,0,3
06/01/2023,STORE002, East Tulsa , East ,Neighborhood,Medium,303,162,142,105,61,31,20,254,0.8383,"$8,430.71",216.0,33.19,52.04,778,32.65,5471.82,650.35,9,93,,,24,,,40,1,7,16,7,3,2,0
Aug 01 2025,store_007,UNION AREA,west,Neighborhood,Small,263,185,118,89,51,20,7,196,0.7452,3521.48,128.0,17.97,19.04,900,21.78,"$4,305.44",1728.55,9,79,,,33,,,54,5,0,22,7,1,1,0
2025-02-01,store_010,SUBURBAN EDGE, Suburban ,Suburban,,234,87,49,36,16,10,5,80,0.3419,"3,472.68",106.0,43.41,39.92,226,35.4,"2,045.90",USD 341.05,8,35,,,25,,,33,4,0,8,2,2,0,6
10/01/2022,store_016,Industrial District,WEST,Neighborhood,Small,256,67,50,46,17,11,6,84,0.3281,"$1,072.60",51.0,12.77,16.01,425,19.76,"$2,079.49",265.59,8,20,,,17,,,19,7,3,4,1,1,1,0
01-May-2025, STORE009 ,peoria area,South,Neighborhood,Medium,296,250,223,179,96,38,24,381,1.2872,"9,656.28",314.0,25.34,38.63,1480,25.74,"USD 7,388.45","$3,279.82",2,92,,,63,,,102,0,14,36,1,0,1,0
2024-05-01,STORE014, Memorial Corridor ,SOUTH,High Traffic,Large,304,414,334,253,152,36,39,561,1.8454,"8,594.94",399.0,15.32,20.76,1905,29.45,11748.17,"USD 2,551.17",0,214,,,54,,,88,7,8,42,16,2,0,3
02/01/2023,STORE014,MEMORIAL CORRIDOR, South ,High Traffic,Large,317,369,266,211,100,41,16,423,1.3344,"USD 8,199.17",335.0,19.38,22.22,1303,32.46,"9,746.52","1,726.90",4,175,,,59,,,115,1,5,55,5,3,1,0
May 01 2022,store_009,peoria area, South ,Neighborhood,Medium,262,228,146,124,63,22,21,252,0.9618,"USD 3,687.33",130.0,14.63,16.17,1024,24.61,5413.97,"$1,456.92",5,105,,,58,,,71,2,7,18,6,1,2,1
2024-04-01,store_019, Retail Plaza ,suburban,,Medium,291,235,197,147,84,23,26,330,1.134,7982.02,235.0,24.19,33.97,1075,30.7,"USD 6,869.82","USD 2,883.19",4,112,,,42,,,83,4,11,39,10,2,1,1
Apr 01 2022,store019, Retail Plaza ,Suburban,Retail Strip,Medium,269,233,157,123,53,45,12,267 units,0.9926,4671.43,131.0,17.5,20.05,805,33.17,"5,457.68","1,248.18",2,132,,,58,,,85,5,11,30,4,1,0,1
Apr 01 2025,Store-016,Industrial District,west,Neighborhood,Small,239,114,72,66,35,9,5,121,0.5063,3161.91,82.0,26.13,27.74,498,24.3,"USD 2,338.32",782.85,1,36,,,35,,,41,4,5,8,2,2,1,0
May 01 2021,store004,West Tulsa,west,Retail Strip,Medium,271,289,178,140,62,30,20,290,1.0701,"$8,395.06",376.0,28.95,29.05,852,34.04,"USD 5,286.55","1,980.61",1,119,,,54,,,95,6,9,44 units,7,3,0,1
01-Jul-2021, STORE010 , Suburban Edge ,Suburban,Suburban,Small,246,75,49,42,14,10,5,78,0.3171,"3,149.73",90.0,40.38,42.0,258,30.23,2302.63,USD 233.26,2,20,,,10,,,12,4,1,4,0,2,2,0
2021-03-01,store005,MIDTOWN,CENTRAL,Urban,Large,312,305,246,192,85,26,17,374,1.1987,"USD 8,776.24",350.0,23.47,28.77,2043,18.31,"$7,010.14","USD 1,714.46",7,137,,,64,,,104,5,6,41,2,1,2,2
05/01/2023,store_011,Airport Area,EAST,Retail Strip,Medium,258,278,220,198,57,41,19,337,1.3062,4068.64,191.0,12.07,14.64,1040,32.4,"9,534.12",839.52,3,107,,,91,,,99,8,13,20,6,6,0,1
2023-03-01, STORE009 ,peoria area,SOUTH,Neighborhood,Medium,288 units,244 units,198,157,49,19,22,288,1.0,"10,264.47",314.0,35.64,42.07,927,31.07,"$8,777.96","1,487.88",1,116,,,66,,,92,5,6,24,5,3,2,1
Sep 01 2021,Store-012,DOWNTOWN,Central,Urban,Large,309,212,149,125,84,30,23,286,0.9256,"6,387.55",210.0,22.33,30.13,829,34.5,"$6,683.71",2448.48,7,126,,,34,,,58,7,10,24,8,2,3,0
Aug 01 2025, STORE016 ,Industrial District,west,Neighborhood,Small,229,80,54,46,31,6,5,96,0.4192,"USD 2,279.53",59.0,23.75,28.49,386,24.87,"USD 2,181.55",729.91,3,45,,,24,,,34,5,1,11 units,3,2,1,0
2022-02-01,store001,North Tulsa, North ,High Traffic,Large,317,354,260,219,97,26,31,414,1.306,"USD 11,688.40",308.0,28.23,33.02,1542,26.85,"11,514.48",$843.92,2,91,,,82,,,127,9,1,43,5,1,0,2
01-Oct-2023,STORE002,EAST TULSA, East ,Neighborhood,Medium,290,155,89,66,54,16,12,171,0.5897,"USD 5,174.61",170.0,30.26,33.38,640,26.72,"2,664.22",$961.53,5,55,,,22,,,42,6,0,23,0,3,2,1
Oct 01 2023,STORE020,CENTRAL TULSA,Central,Urban,Medium,297,229,132,116,50,27,24,233,0.7845,"USD 4,453.96",130.0,19.12,19.45,1090,21.38,5905.87,"USD 1,126.82",2,82,,,64,,,79,2,10,16,4,1,0,0
Oct 01 2023,Store-006,RIVERSIDE,SOUTH,Retail Strip,Medium,284,268,199,177,51,30,18,298,1.0493,,254.0,19.28,21.44,932,31.97,9804.08,2573.11,9,97,,,88,,,101,2,7,20,8,1,1,0
2025-11-01,store_018,NORTHEAST TULSA, North ,Neighborhood,Small,277,125,92,85,30,13,4,139,0.5018,4205.51,155.0,30.26,33.64,566,24.56,"$3,683.64",USD 525.48,2,37,,,39,,,49,4,0,9,0,2,0,0
Jul 01 2025,STORE001,north tulsa,NORTH,High Traffic,Large,294,399,277,256,86,47,21,431,1.466,"8,985.57",378.0,20.85,22.52,1523,28.3,12787.29,"3,457.91",4,120,,,57,,,98,1,12,47,10,2,0,1
05/01/2022,store_013,Brookside, Central ,Urban,Medium,262,209,176,152,84,28,16,304,1.1603,"6,662.76",209.0,21.92,31.88,977,31.12,"USD 6,106.11",823.87,9,114,,,83,,,107,4,0,30,5,1,1,1
06/01/2022,store016,INDUSTRIAL DISTRICT, West ,Neighborhood,Small,232,102,75,66,23,18,6,122,0.5259,3942.62,99.0,32.32,38.65,399,30.58,"3,779.79",USD 474.11,3,29,,,24,,,37,1,0,12,1,2,6,1
2021-07-01,store019,retail plaza,Suburban,Retail Strip,Medium,268,238,163,139,57,21,11,252,0.9403,"2,755.66",131.0,10.94,11.58,729,34.57,"$5,985.79",1601.27,7,111,,,66,,,91,5,6,33,8,0,2,3
Aug 01 2022,store002, East Tulsa ,East,Neighborhood,Medium,257,179,106,78,33,12,11,162,0.6304,"USD 6,173.58",156.0,38.11,34.49,639,25.35,"USD 2,938.55",$495.68,5,93,,,46,,,75,8,5,27,0,2,2,1
03/01/2022,store_013,brookside,Central,Urban,Medium,270,217,155,138,40,16,8,219,0.8111,"USD 2,931.47",129.0,13.39,13.51,692,31.65,7692.79,USD 844.81,5,124,,,79,,,83,5,3,13,9,2,2,1
Jul 01 2025, STORE012 ,Downtown, Central ,Urban,Large,318 units,307,189,152,79,28,20,316,0.9937,"7,649.31",236.0,24.21,24.92,881,35.87,"5,566.03","1,146.48",2,138,,,81,,,110,5,10,33,11,4,2,1
Dec 01 2022,store_020,central tulsa,CENTRAL,Urban,Medium,277,259,153,125,59,35,10,257,0.9278,"$8,417.24",331.0,32.75,32.5,732,35.11,"$7,148.90","USD 1,829.11",2,89,,,32,,,48,2,6,18,1,5,0,0
01-Aug-2021,STORE002,East TLSA,East,Neighborhood,,251,167,110,100,39,16,11,176,0.7012,"7,916.46",205.0,44.98,47.4,864,20.37,5658.86,"USD 1,315.84",9,51,,,31,,,50,6,5,23,2,1,2,0
01-Oct-2023,store_019,Retail Plaza,suburban,Retail Strip,Medium,263,257,151,138,65,23,18,257,0.9772,"USD 3,643.38",173.0,14.18,14.18,1299,19.78,"USD 7,487.26",USD 710.79,8,122,,,62,,,78,8,0,24,4,3,0,1
08/01/2023,store_010,SUBURBAN EDGE, Suburban ,Suburban,Small,254,54,42,38,14,10,5,71,0.2795,807.11,32.0,11.37,14.95,375,18.93,"1,922.62",$454.92,8,19,,,12,,,15,4,3,4,1,2,0,0
01-Apr-2023,store_009,Peoria Area, South ,Neighborhood,Medium,262,215,184,148,78,24,19,305,1.1641,"$7,337.01",205.0,24.06,34.13,1300,23.46,"USD 6,155.63","2,082.93",5,117,,,74,,,111,3,3,35,7,6,0,2
Jul 01 2021,store020,CENTRAL TULSA,Central,Urban,Medium,287,212,155,126,45,23,17,240,0.8362,"3,964.86",181.0,16.52,18.7,1069,22.45,"5,833.49",1231.1,5,114,,,26,,,38,0,4,16,1,3,2,1
2025-11-01,Store-016,industrial district,west,Neighborhood,Small,233,97,72,66,40,14,10,136,0.5837,2151.37,82.0,15.82,22.18,453,30.02,"3,644.49",976.06,9,63,,,14,,,21,6,1,8,4,1,1,1
04/01/2025,store017,southwest tulsa,SOUTH,Suburban,Medium,267,210,140,122,56,17,13,226,0.8464,"$5,806.19",193.0,25.69,27.65,754,29.97,4280.61,"1,889.26",7,102,,,36,,,49,9,10,18,7,2,0,1
2021-12-01, STORE005 , Midtown , Central ,Urban,Large,311,324,266,219,85,44,24,419,1.3473,6903.98,198.0,16.48,21.31,1434,29.22,"USD 10,525.56",3153.88,9,111,,,57,,,102,8,13,44,12,2,1,0
2024-01-01, STORE004 ,West TLSA,WEST,Retail Strip,Medium,288,300,202,175,66,35,16,319,1.1076,"$6,073.89",263.0,19.04,20.25,1171,27.24,"6,854.99","USD 2,065.94",1,102,,,56,,,100,1,13,45,0,4,1,1
2022-02-01,STORE015, University Area ,Central,Student Area,Small,267,147,96,89,41,13,11,161,0.603,3520.03,155.0,21.86,23.95,487 units,33.06,"$3,546.11",1152.25,8,80 units,,,39,,,58,1,6,21,3,4,1,3
May 01 2022,Store-004,WEST TULSA, West ,,Medium,309,229,160,119,86,42,25,313,1.0129,"7,546.38",266.0,24.11,32.95,1485,21.08,"USD 5,559.99","1,680.86",7,118,,,60,,,85,8,7,32,8,4,2,0
Jul 01 2023, STORE018 ,NORTHEAST TULSA,NORTH,Neighborhood,Small,253,129,112,98,49,14,11,186,0.7352,"2,765.69",127.0,14.87,21.44,548,33.94,"$5,607.40",$956.65,3,38,,,43,,,66,0,6,21,0,2,1,2
Sep 01 2022, STORE010 ,SUBURBAN EDGE,suburban,Suburban,Small,244,60,39,36,14,4,5,62,0.2541,"USD 1,942.66",,31.33,32.38,272,22.79,"1,746.73",USD 420.30,10,18,,,13,,,21,0,1,9,0,6,1,0
05/01/2022,store006,riverside,South,Retail Strip,Medium,299,292,278,219,113,46,29,466,1.5585,"4,692.27",168.0,10.07,16.07,1600,29.12,"USD 12,334.68","$2,571.17",1,186,,,79,,,106,0,16,27,0,3,1,1
03/01/2024,STORE019, Retail Plaza ,Suburban,Retail Strip,Medium,283,282,193,172,52,23,10,278,0.9823,"$11,104.17",307.0,39.94,39.38,1386,20.06,6595.39,$926.17,3,143,,,75,,,105,2,10,27,7,2,0,2
01-May-2026,STORE006, Riverside ,SOUTH,Retail Strip,Medium,256,282,248,217,92,35,25,400,1.5625,"USD 4,941.43",193.0,12.35,17.52,1469,27.23,12307.15,"USD 2,550.15",6,148,,,54,,,75,2,11,24,6,3,2,0
01-Dec-2023,store_013,Brookside, Central ,Urban,Medium,286,262,223,179,60,36,11,330,1.1538,"$7,446.55",242.0,22.57,28.42,1322,24.96,7590.4,"USD 2,912.36",4,128,,,94,,,144,7,12,44,5,5,1,1
Sep 01 2024,store_013,Brookside, Central ,Urban,Medium,258,218,136,124,40,31,15,222,0.8605,"$6,621.98",174.0,29.83,30.38,940,23.62,"USD 4,924.45","$1,612.34",11,70,,,28 units,,,50,0,2,27,2,2,2,1
03/01/2026,STORE006,RIVERSIDE,South,Retail Strip,Medium,274,364,238,212,102,31,15,386,1.4088,7842.73,357.0,20.32,21.55,1379,27.99,"$7,554.21","USD 1,221.39",2,129,,,97,,,151,2,7,53,12,1,2,1
2023-12-01,store_009,peoria area,South,,Medium,275,230,146,124,39,14,12,211,0.7673,"$5,267.36",216.0,24.96,22.9,612,34.48,"USD 7,165.97",USD 999.45,6,119,,,77,,,98,1,6,31,0,1,2,2
2025-06-01,Store-014, Memorial Corridor , South ,High Traffic,Large,294,405,298,242,78,29,41,446,1.517,"USD 12,247.94",523.0,27.46,30.24,1339,33.31,"13,368.97","USD 1,481.27",5,157,,,63,,,92,6,10,32,6,3,0,0
2024-03-01, STORE006 ,Riverside, South ,Retail Strip,Medium,265,373,281,256,63,34,15,393,1.483,"13,435.61",441.0,34.19,36.02,1216,32.32,"USD 12,124.52","2,558.66",11,120,,,107 units,,,149,9,11,47,10,2,0,1
01-Jun-2024,store007,union area,West,Neighborhood,Small,256,201,138,113,45,16,18,217,0.8477,"$8,388.00",261.0,38.65,41.73,767,28.29,"6,127.39","$1,891.03",6,56,,,28,,,50,4,1,25,0,2,2,0
06/01/2023,STORE019,retail plaza, Suburban ,,Medium,306,249,146,116,86,20,27,279,0.9118,"6,887.63",266.0,24.69,27.66,889,31.38,"$4,593.91","1,611.70",11,125,,,45,,,60,5,3,16,9,1,1,1
2024-11-01, STORE017 ,southwest tulsa,SOUTH,Suburban,Medium,305,217,134,120,59,33,14,240,0.7869,"USD 2,756.61",130.0,11.49,12.7,1141,21.03,"4,887.87","USD 1,858.24",9,91,,,51,,,68,4,10,25,7,2,0,2
10/01/2025,store004,West Tulsa, West ,,Medium,295,256,159,137,79,49,9,296,1.0034,"$4,122.89",163.0,13.93,16.11,996 units,29.72,"7,656.31",652.79,1,81,,,74,,,106,4,7,43,6,5,1,1
2024-08-01,STORE002,East Tulsa, East ,Neighborhood,Medium,264,162,130,114,42,14,20,206,0.7803,"$5,793.92",192.0,28.13,35.76,575,35.83,4558.67,"$1,353.92",7,57,,,29,,,52,6,7,26,2,3,2,0
05/01/2024, STORE011 ,airport area,EAST,Retail Strip,Medium,291,274,227,213,74,38,14,353,1.2131,10559.87,316.0,29.91,38.54,1338,26.38,"USD 8,873.96",3020.55,1,139,,,88,,,115,1,2,30,0,3,0,1
Mar 01 2026,Store-007, Union Area ,WEST,Neighborhood,,267,217,141,112,41,24,10,216,0.809,4548.75,205.0,21.06,20.96,769,28.09,6163.51,"1,079.90",11,94,,,35,,,59,0,4,22,5,2,0,1
01-Oct-2025,STORE011,airport area,EAST,Retail Strip,Medium,255,260,195,149,50,32,8,285,1.1176,"8,025.50",275.0,28.16,30.87,866,32.91,"$6,493.82","$1,191.75",2,108,,,39,,,73,4,1,38,7,2,1,2
07/01/2023,store006,Riverside,South,Retail Strip,Medium,288,293,191,161,65,28,24,308 units,1.0694,"8,142.23",236.0,26.44,27.79,1631,,"8,930.77","$1,823.99",6,110,,,45,,,64,9,1,22,1,4,2,1
01-May-2024,Store-010,Suburban Edge,Suburban,Suburban,Small,284,80,49,36,19,15,6,89,0.3134,"$3,057.20",102.0,34.35,38.21,397,22.42,"USD 1,569.35",$648.74,0,42,,,28,,,36,3,1,12,1,0,2,1
05/01/2022, STORE002 ,EAST TULSA, East ,Neighborhood,Medium,263,182,125,100,44,11,14,194,0.7376,"$4,356.65",132.0,22.46,23.94,780,24.87,"USD 4,066.40","1,346.58",8,64,,,28,,,55,1,4,25,4,3,1,0
01-Jan-2023,Store-003,SOUTH TULSA,south,Neighborhood,Small,253,128,79,61,45,11,6,141,0.5573,"$4,263.76",125.0,30.24,33.31,435,32.41,"USD 2,579.84",USD 488.06,7,57,,,42,,,52,0,0,14,2,3,1,0
04/01/2024,STORE008,Admiral Area,East,High Traffic,Large,309,354,284,214,123,68,15,490,1.5858,9940.49,387.0,20.29,28.08,2077,23.59,"$12,227.40","$2,561.56",4,116,,,71 units,,,115,3,21,46,2,4,1,1
05/01/2025, STORE014 ,Memorial Corridor,South,High Traffic,Large,311,444,343,294,125,53,20,541,1.7395,"14,698.19",387.0,27.17,33.1,2989,18.1,"$11,834.85",2563.35,4,260,,,128,,,187,2,4,69,5,3,1,1
Jan 01 2026, STORE015 , University Area , Central ,Student Area,Small,250,219,145,116,52,36,9,242,0.968,"3,361.52",126.0,13.89,15.35,802,30.17,4456.94,2035.85,6,77,,,37,,,62,3,1,28,0,0,1,2
09/01/2025,STORE018, Northeast Tulsa ,north,Neighborhood,Small,235,138,75,64,38,17,4,134,0.5702,"$3,242.91",145.0,24.2,23.5,393,34.1,2349.71,797.48,5,62,,,29,,,41,6,2,15,4,4,0,1
2021-02-01,store_020,Central TLSA,central,Urban,Medium,271,175,115,108,58,28,16,217,0.8007,"2,707.95",112.0,12.48,15.47,682,31.82,"$6,133.70","1,151.03",2,81,,,67,,,87,0,0,28,1,1,1,1
02/01/2021,STORE011,airport area,east,Retail Strip,Medium,272,280,150,137,49,24,29,252,0.9265,4946.08,220.0,19.63,17.66,991,25.43,7792.78,"2,008.34",7,100,,,43,,,79,5,0,37,7,3,3,2
01/01/2022,Store-003,South Tulsa,south,Neighborhood,Small,249,135,87,78,27,18,13,145,0.5823,"5,831.28",147.0,40.22,43.19,642,22.59,3016.49,$934.68,8,48,,,43,,,51,4,1,8,1,5,0,0
Aug 01 2024,store010,Suburban Edge,SUBURBAN,Suburban,Small,255 units,63,46,33,15,12,5,78,0.3059,"1,474.56",46.0,18.9,23.41,323,24.15,"1,547.28",USD 403.91,3,21,,,14,,,18,4,2,4,0,1,1,0
01-Dec-2024, STORE008 ,ADMIRAL AREA,EAST,High Traffic,Large,294,413,341,298,124,59,27,551,1.8741,"$15,467.73",547.0,28.07,37.45,2606,21.14,13611.65,"1,955.27",6,183,,,86,,,124,6,6,44,6,4,1,2
2021-07-01,store_017,SOUTHWEST TULSA,south,Suburban,Medium,272 units,126,107,77,53,14,9,183,0.6728,2625.66,102.0,14.35,20.84,788,23.22,4077.28,761.38,11,70,,,35,,,39,6,0,7,1,3,1,2
01-Apr-2022,Store-011, Airport Area ,East,Retail Strip,Medium,297,307,232,171,98,27,33,390,1.3131,"$14,192.76",406.0,36.39,46.23,2039,19.13,"$6,595.07","USD 2,987.97",5,136,,,94,,,107,6,2,22,3,5,0,0
Aug 01 2025, STORE019 , Retail Plaza ,Suburban,Retail Strip,Medium,291,227,157,126,87,15,17,276,0.9485,"USD 6,035.15",157.0,21.87,26.59,767,35.98,6547.59,$768.74,10,114,,,52,,,83,4,5,39,0,5,0,3
01-May-2023,STORE013,Brookside,CENTRAL,Urban,Medium,280,229 units,213,162,59,30,13,315,1.125,4518.62,138.0,14.34,19.73,956,32.95,"8,485.22",2421.56,0,117,,,45,,,63,6,3,21,6,4,2,5
2022-12-01,STORE003,South TLSA,South,Neighborhood,Small,261,107,80,58,41,18,5,144,0.5517,2591.75,85.0,18.0,24.22,675,21.33,2726.3,$306.62,1,31,,,39,,,42,5,1,7,2,3,0,3
12/01/2025,store_006,riverside,South,Retail Strip,Medium,254,349,265,192,131,44,29,469 units,1.8465,"USD 9,103.49",302.0,19.41,26.08,1778,26.38,"9,221.81",3576.04,6,184,,,48,,,89,1,16,39,10,4,2,4
01-Aug-2025,store_017,southwest tulsa,SOUTH,Suburban,Medium,265,175,108,80,52,12,15,187,0.7057,"$3,513.59",159.0,18.79,20.08,757,24.7,3694.62,$430.58,6,70,,,33,,,47,7,1,15,5,3,4,2
01-Mar-2026,store_020,CENTRAL TULSA,CENTRAL,,Medium,305,218,182,145,46,29,28,285,0.9344,"10,460.08",282.0,36.7,47.98,1143,24.93,"7,547.66",2201.46,0,84,,,59,,,80,9,11,28,3,4,3,1
Apr 01 2023,store004,WEST TULSA,West,Retail Strip,Medium,263,319,184,150,57,30,21,292,1.1103,"$6,323.55",288.0,21.66,19.82,1163,25.11,"USD 7,187.73","2,553.56",2,142,,,66,,,81,5,14,14,1,1,1,0
01/01/2021, STORE004 ,West TLSA,west,Retail Strip,Medium,309,252,178,166,65,30,10,283,0.9159,"$5,842.44",166.0,20.64,23.18,942,30.04,"7,249.75","1,535.92",1,133,,,67,,,110,6,13,42,5,5,3,2
01-Jun-2021, STORE012 ,Downtown,Central,Urban,Large,310,246,151,128,56,18,13,238,0.7677,"8,471.67",297.0,35.6,34.44,781,30.47,"5,584.46",1463.18,3,115,,,36,,,64,4,6,27,0,3,1,0
01-Jan-2026,STORE006,Riverside,south,Retail Strip,Medium,301,416,244,222,124,67,36,471,1.5648,12171.44,382.0,25.84,29.26,2091,22.53,"$9,461.99","3,318.36",10,151,,,68,,,103,2,17,39,10,4,0,2
Oct 01 2025,store_018,NORTHEAST TULSA, North ,Neighborhood,Small,234,128,109,98,54,12,9,184,0.7863,5232.02,143.0,28.43,40.88,941,19.55,5613.4,USD 961.74,9,64,,,19,,,35,1,4,19,2,0,3,0
07/01/2024,store_011,AIRPORT AREA,EAST,Retail Strip,Medium,264 units,240,185,157,86,24,12,307,1.1629,"$6,806.56",316.0,22.17,28.36,1426,21.53,"USD 7,071.54","1,452.43",6,78,,,30,,,46,6,2,16,9,3,1,1
01-Apr-2025,store_005,midtown,CENTRAL,Urban,Large,328,427 units,261,227,86,64,21,432,1.3171,13354.98,541.0,30.91,31.28,2099,20.58,"$12,745.79","USD 1,861.60",3,129,,,56,,,108,2,15,55,3,3,1,2
Aug 01 2023,Store-019, Retail Plaza , Suburban ,Retail Strip,Medium,259,254,178,128,42,40,12,272,1.0502,"5,877.83",155.0,21.61,23.14,765,,"USD 5,266.94",1683.23,2,70,,,57,,,68,1,4,17,6,2,1,2
11/01/2024,STORE006, Riverside ,south,Retail Strip,Medium,263,303,222,191,91,23,38,374,1.4221,9436.62,357.0,25.23,31.14,1969,18.99,"7,821.01","3,007.33",2,131,,,98,,,137,4,11,41,7,3,1,2
07/01/2022,Store-017,SOUTHWEST TULSA, South ,Suburban,Medium,272,150,133,114,59,17,13,222,0.8162,"3,311.99",100.0,14.92,22.08,911,24.37,4190.9,"1,051.74",3,58,,,43,,,55,0,1,11,4,1,0,2
Oct 01 2024,store_009, Peoria Area ,South,Neighborhood,Medium,285,231,162,138,59,34,22,277,0.9719,5752.39,266.0,20.77,24.9,1017,27.24,"USD 6,087.86","$2,256.30",4,72 units,,,59,,,84,0,9,22,6,1,1,1
01-Nov-2022,store014,memorial corridor,south,High Traffic,Large,313,399,278,248,126,27,13,444,1.4185,"15,187.51",448.0,34.21,38.06,1290,34.42,9601.81,"USD 2,298.13",10,141,,,134 units,,,176,8,2,54,10,0,0,1
03/01/2023,Store-008,admiral area,east,High Traffic,Large,302,483,348,255,126,38,25,537,1.7781,15822.35,588.0,29.46,32.76,2107,25.49,"$10,429.61","4,463.01",5,149,,,134,,,182,1,15,62,1,2,2,2
2022-04-01,store_015,University Area, Central ,Student Area,Small,269,179,144,125,34,18,8,204,0.7584,,164.0,26.84,30.59,651,31.34,5323.95,"USD 1,088.93",7,74,,,46,,,69,7,8,29,4,4,0,2
2022-10-01,store_020,Central TLSA,CENTRAL,Urban,Medium,293,183,172,161,39,27,17,255,0.8703,"6,212.71",174.0,24.36,33.95,991,25.73,7738.87,949.31,6,99,,,26,,,52,6,2,31,1,5,1,0
11/01/2022,Store-003,South Tulsa,South,Neighborhood,Small,264,102 units,59,51,22,8,6,95,0.3598,"USD 4,399.82",,46.31,43.14,267,35.58,"2,210.98",407.16,6,33,,,12,,,16,9,3,5 units,0,6,2,0
2026-03-01,store009,Peoria Area,SOUTH,Neighborhood,Medium,257,197,159,144,61,14,11,245,0.9533,"USD 9,818.99",251.0,40.08,49.84,1069,22.92,"7,961.47","1,398.51",1,98,,,78,,,96,4,11,22,9,0,0,3
04/01/2022,STORE020,CENTRAL TULSA, Central ,Urban,Medium,289,310,182,139,76,32,10,300,1.0381,"$5,465.81",189.0,18.22,17.63,859,34.92,5207.26,"1,550.86",3,129,,,39,,,74,6,10,40,0,5,0,0
Sep 01 2023,Store-011, Airport Area , East ,Retail Strip,Medium,261,212,180,168,79,32,16,307,1.1762,,218.0,15.34,22.22,1102,27.86,"9,209.60","USD 2,755.62",2,123,,,74,,,100,4,6,25,6,2,0,0
Oct 01 2024,store015, University Area , Central ,Student Area,Small,238,183,119,107,62,36,22,239,1.0042,"$5,152.88",227.0,21.56,28.16,809,29.54,"$3,846.62",USD 569.60,2,64,,,60,,,81,4,1,25,2,2,1,0
Jan 01 2021,store006,riverside,south,Retail Strip,Medium,272,264,229,165,82,19,26,356 units,1.3088,"6,924.31",264.0,19.45,26.23,1064 units,33.46,8507.72,"$1,884.39",5,135,,,97,,,115,7,10,30,0,2,2,0
Jun 01 2021,Store-001,north tulsa,North,High Traffic,Large,295,308,219,201,73,45,21,358,1.2136,"USD 7,004.74",214.0,19.57,22.74,1835,19.51,"USD 10,582.59","2,436.14",9,140,,,36,,,71,2,0,34,0,1,1,1
Oct 01 2022,store_005,MIDTOWN,central,Urban,Large,312,269,223,185,52,35,12,322,1.0321,4419.39,209.0,13.72,16.43,938,34.33,"USD 8,774.86","2,586.74",7,101 units,,,50,,,81,1,8,29,8,4,1,0
Jan 01 2025,store_014,memorial corridor,SOUTH,High Traffic,Large,317,423,328,243,157,32,27,544,1.7161,9891.5,322.0,18.18,23.38,2677,20.32,"$11,615.58",4257.1,10,217,,,165,,,220,9,16,66,0,2,2,2
2023-08-01,STORE015,university area,central,Student Area,Small,253,168,117,105,42,21,11,191,0.7549,"$8,209.34",215.0,42.98,48.87,550,34.73,"$5,965.28",$651.42,3,61,,,52,,,70,8,4,24,2,2,1,0
2024-09-01,Store-008,admiral area, East ,High Traffic,Large,299,322,217,177,69,21,17,324,1.0836,"11,439.24",340.0,35.31,35.53,1669,19.41,"USD 8,849.75","$1,698.78",11,164,,,100,,,141,2,11,42,9,1,2,2
Jan 01 2024,store_001, North Tulsa ,NORTH,High Traffic,Large,298,372,299,238,92,48,37,476,1.5973,"8,197.79",314.0,17.22,22.04,1503,31.67,"12,354.28","$2,744.82",4,129,,,60,,,112,8,17,59,10,4,1,0
Oct 01 2022,Store-004,west tulsa,West,Retail Strip,Medium,265,242,166,154,74,33,15,288,1.0868,"USD 4,554.32",179.0,15.81,18.82,1180,24.41,6044.72,"$1,184.76",1,97,,,38,,,51,5,6,15,6,5,0,1
01-Mar-2025,STORE011,Airport Area,EAST,Retail Strip,Medium,253,320,278,260,115,54,15,462,1.8261,"USD 5,701.74",269.0,12.34,17.82,1613,28.64,14254.2,"1,014.41",5,176,,,107,,,167,7,17,57,10,4,0,1
01-Jan-2023,store_015,UNIVERSITY AREA,CENTRAL,,Small,256,221,126,105,74,21,14,235,0.918,"$4,768.17",169.0,20.29,21.58,1271,18.49,"4,669.31",1201.62,11,90,,,69,,,95,2,6,24,4,4,2,0
01-Aug-2023,store_005,MIDTOWN,central,Urban,Large,335 units,286,226,179,52,59,22,359,1.0716,"$5,933.27",225.0,16.53,20.75,1424,25.21,"7,672.98","3,099.85",3,175,,,107,,,129,0,16,21,6,2,3,0
Jul 01 2025,store_015,UNIVERSITY AREA, Central ,Student Area,Small,269,174,161,116,45,13,13,232,0.8625,"$8,141.13",228.0,35.09,46.79,930,24.95,"$5,445.71","USD 1,687.93",1,79,,,44,,,72,1,0,30,2,0,2,2
01-Sep-2024,store020,central tulsa,central,,Medium,258,218,143,111,55,21,17,236,0.9147,"$7,750.45",230.0,32.84,35.55,763,30.93,4656.49,1249.2,10,119,,,48,,,68,0,2,23,0,4,2,0
12/01/2021, STORE008 ,admiral area,EAST,High Traffic,Large,301,415,296,255,118,31,19,464,1.5415,"5,835.63",241.0,12.58,14.06,1987,23.35,"USD 11,717.49","3,448.02",7,160,,,102,,,140,9,12,49,5,2,1,0
2026-05-01,STORE001,NORTH TULSA,north,High Traffic,Large,313,436,296,264,139,44,29,508,1.623,"20,110.87",560.0,39.59,46.13,1916,26.51,"13,217.56","USD 1,781.64",3,162,,,119,,,144,3,18,33,2,1,1,1
01-Sep-2023, STORE015 ,UNIVERSITY AREA,Central,Student Area,Small,229,163,139,102,49,25,8,221,0.9651,5752.83,146.0,26.03,35.29,625,35.36,"$3,826.03",USD 835.66,5,65,,,39,,,50,9,8,9,1,2,0,0
01-Apr-2024,store013,Brookside,Central,Urban,Medium,267,299,197,158,86,42,32,357,1.3371,"$10,215.48",275.0,28.61,34.17,1532,23.3,"USD 8,525.08",2556.44,10,88,,,35,,,65,9,14,37,5,2,1,0
01-Dec-2025,STORE017,southwest tulsa,south,Suburban,Medium,290,216,137,110,81,33,7,258,0.8897,"$3,274.57",144.0,12.69,15.16,911,28.32,"$4,925.01",1621.94,7,60,,,56,,,72,6,8,19,5,2,0,1
04/01/2021, STORE007 ,Union Area,West,Neighborhood,Small,237,163,130,108,47,21,15,213,0.8987,"$2,336.11",108.0,10.97,14.33,627,33.97,"$4,869.04",1837.38,9,70,,,40,,,48,7,7,12,5,1,3,2
Jul 01 2024,store008,Admiral Area,EAST,High Traffic,Large,331,361,253,195,79,35,34,401,1.2115,"13,479.97",358.0,33.62,37.34,1840,21.79,10047.38,970.08,2,135,,,117,,,140,4,18,39,6,1,2,2
01-Apr-2021,STORE008,Admiral Area,east,High Traffic,Large,310,370,250,186,78,59,30,417,1.3452,"$10,991.12",433.0,26.36,29.71,1327,31.42,9979.02,"$1,396.12",10,160,,,66,,,94,2,1,28,9,2,1,3
2024-10-01,store020,Central Tulsa,Central,Urban,Medium,299,236,175,140,63,17,16,271,0.9064,6604.73,187.0,24.37,27.99,1203,22.53,6508.07,USD 576.85,2,116,,,54,,,61,0,2,12,0,3,1,0
11/01/2021, STORE012 ,Downtown,central,,Large,328,276,204,165,63,35,12,314,0.9573,7132.58,208.0,22.72,25.84,1619,19.39,"8,020.00","USD 1,427.89",0,78,,,82,,,112,9,10,30,0,5,1,1
01/01/2021,store013,BROOKSIDE,Central,Urban,Medium,270,221,196,169,70,34,17,317,1.1741,"USD 5,735.90",,18.09,25.95,1661 units,19.08,"$8,894.89",1958.87,8,138,,,62,,,93,2,13,28,0,0,3,1
01-Nov-2025,Store-002,East TLSA, East ,Neighborhood,Medium,258,230,153,135,51,22,23,249,0.9651,"$4,160.55",147.0,16.71,18.09,889,28.01,"$7,195.16","$1,518.03",11,79,,,70,,,90,3,1,25,6,4,1,2
01-Aug-2025,STORE004,West TLSA,west,Retail Strip,Medium,297,212,166,143,85,15,14,280,0.9428,7920.51,220.0,28.29,37.36,896,31.25,"$5,380.94",$642.54,9,114,,,48,,,72,9,11,24,8,2,0,4
01-Mar-2022,Store-020, Central Tulsa ,CENTRAL,Urban,Medium,293,257,161,129,80,47,11,299,1.0205,"5,289.39",206.0,17.69,20.58,871,34.33,"USD 7,265.54",801.20,10,84,,,84,,,101,1,8,27,2,4,1,0
2025-08-01,store_006,Riverside,SOUTH,Retail Strip,Medium,289,352,186,139,79,33,34,332,1.1488,12149.81,321.0,36.6,34.52,1333,24.91,"$5,707.46",1012.01,0,104,,,98,,,134,4,5,49,12,2,0,1
Mar 01 2023,store013,Brookside,CENTRAL,Urban,Medium,267,312,199,171,89,48,10,346,1.2959,7099.32,190.0,20.52,22.75,1209,28.62,"$8,879.88","2,920.00",0,122,,,44,,,63,6,6,24,3,1,0,0
12/01/2024,STORE003,South TLSA,SOUTH,Neighborhood,Small,280,124,80,61,34,19,10,143,0.5107,"3,384.86",139.0,23.67,27.3,753,18.99,2547.13,375.62,1,44,,,32,,,46,7,6,16,0,3,1,0
2026-01-01, STORE007 ,union area,WEST,Neighborhood,Small,252,188,150,125,68,16,8,242,0.9603,"$5,601.65",149.0,23.15,29.8,680,35.59,7188.18,582.55,9,87,,,28,,,45,9,10,15,7,4,2,2
May 01 2025,store_001,north tulsa,North,High Traffic,Large,329,441,341,263,109,52,22,524,1.5927,"17,971.09",452.0,34.3,40.75,2027,25.85,"$13,362.83",3393.01,8,168,,,125,,,146,5,13,36,12,2,2,1
2024-01-01,store_020,central tulsa,CENTRAL,Urban,Medium,268 units,292,231,180,77,46,30,384,1.4328,"USD 6,891.33",206.0,17.95,23.6,1928,19.92,"7,708.28","$1,139.26",3,162,,,65,,,78,7,4,19,3,2,1,1
12/01/2024, STORE013 ,Brookside,CENTRAL,Urban,Medium,303,274,164,119,70,16,16,266,0.8779,"8,539.86",260.0,32.1,31.17,953,27.91,"$4,244.14","USD 1,807.11",10,153,,,73,,,109,7,0,32,9,2,1,2
01/01/2026,store_008,Admiral Area,east,High Traffic,Large,323,439,293,258,88,29,37,447,1.3839,"10,797.08",432.0,24.15,24.59,1612,27.73,12320.88,1144.19,1,157,,,127,,,171,5,2,61,4,1,0,2
2024-07-01,Store-006,Riverside,South,Retail Strip,Medium,265,305,193,175,86,56,27,362,1.366,"USD 6,193.30",197.0,17.11,20.31,1853,19.54,"$9,129.82","$2,526.80",9,159,,,56,,,70,2,8,16,9,5,0,2
Mar 01 2026,store014,Memorial Corridor,south,High Traffic,Large,338,499,322,245,87,40,42,491,1.4527,"18,725.09",586.0,38.14,37.53,1896,25.9,"$10,417.39",1955.49,11,200,,,79,,,126,1,6,55,15,3,0,1
2024-05-01,STORE007,UNION AREA,West,Neighborhood,Small,235,201,139,119,61,19,10,229,0.9745,8321.02,228.0,36.34,41.4,699,32.76,"6,775.68","USD 1,069.90",7,54,,,30,,,42,9,9,17,2,2,2,3
2022-02-01,STORE014, Memorial Corridor ,SOUTH,High Traffic,Large,309,341,318,298,93,41,34,486,1.5728,"USD 12,403.49",347.0,25.52,36.37,1920,25.31,"$11,704.95",3322.48,5,203,,,117,,,127,3,18,22,3,5,0,1
01-Jun-2023,Store-003,South Tulsa,south,Neighborhood,Small,245,97,63,47,31,10,5,109,0.4449,"$2,512.90",89.0,23.05,25.91,377,28.91,"1,703.29",USD 521.49,8,51,,,13,,,19,8,1,9,1,4,5,1
01-Jul-2022,store_003,South TLSA, South ,Neighborhood,Small,256,106,80,69,26,18,6,130,0.5078,"4,696.23",136.0,36.12,44.3,361,36.01,"$2,437.81",USD 429.27,5,52,,,16,,,28,9,4,15,1,4,0,1
01-Jan-2021,Store-003, South Tulsa ,South,Neighborhood,Small,272,103,65,58,37,15,11,128,0.4706,"USD 4,731.59",135.0,36.97,45.94,439,29.16,"$3,204.25",534.23,6,43,,,37,,,47,5,3,16,4,0,3,1
01/01/2021, STORE007 ,union area,West,Neighborhood,Small,228,151,111,80,42,12,10,175,0.7675,"$7,971.69",200.0,45.55,52.79,782,22.38,"$3,071.65",USD 543.58,7,50,,,35,,,50,8,4,16,0,3,0,1
2022-04-01,Store-012,Downtown, Central ,Urban,Large,325,282,198,166,102,51,28,379,1.1662,"USD 8,512.99",377.0,22.46,30.19,2004 units,18.91,"USD 9,586.66",776.18,2,89,,,101,,,130,9,1,27,10,2,1,2
01-Feb-2026,Store-006,Riverside,south,Retail Strip,Medium,276,252 units,191,178,101,47,18,357,1.2935,"USD 3,920.10",173.0,10.98,15.56,1689,21.14,"9,249.30","$2,809.95",6,97,,,96,,,106,1,9,17,6,2,0,1
Oct 01 2024,store_019,Retail Plaza,SUBURBAN,Retail Strip,Medium,267,252,190,145,64,35,23,312,1.1685,"$5,932.55",254.0,19.01,23.54,927,33.66,"$7,908.47",2453.43,11,123,,,68,,,103,3,11,33,1,0,2,0
05/01/2025, STORE014 ,Memorial Corridor,South,High Traffic,Large,311,444,343,294,125,53,20,541,1.7395,"14,698.19",387.0,27.17,33.1,2989,18.1,"$11,834.85",2563.35,4,260,,,128,,,187,2,4,69,5,3,1,1
11/01/2021,Store-016,Industrial District,WEST,Neighborhood,Small,270,81,50,42,16,8,3,77,0.2852,2560.91,83.0,33.26,31.62,296,26.01,"1,706.33",616.21,5,29,,,25,,,32,9,1,8,0,3,1,2
Apr 01 2023,Store-012,Downtown,CENTRAL,Urban,Large,323,339,215,196,86,59,34,394,1.2198,"USD 9,202.22",265.0,23.36,27.15,2125,18.54,"USD 8,228.22","1,408.03",1,163,,,63,,,106,4,0,52,6,2,1,0
Feb 01 2021,store_008, Admiral Area , East ,High Traffic,Large,309,275,190,154,86,35,20,331,1.0712,"6,192.40",264.0,18.71,22.52,1381,23.97,"$8,645.78",1156.09,8,168,,,108,,,145,5,6,47,5,0,0,0
Nov 01 2024, STORE011 ,Airport Area, East ,Retail Strip,Medium,255,240,204,177,84,49,28,365,1.4314,"7,706.63",199.0,21.11,32.11,1834,19.9,8719.16,"USD 3,219.61",6,156,,,48,,,74,8,9,27,7,1,1,0
2023-11-01, STORE018 , Northeast Tulsa , North ,Neighborhood,Small,264,125,96,69,22,20,7,145,0.5492,3087.73,133.0,21.29,24.7,513,28.27,"3,229.75",935.79,7,46,,,19,,,25,7,0,6,2,3,3,1
Sep 01 2024,store_011,AIRPORT AREA,East,Retail Strip,Medium,280,243,204,174,52,18,13,287,1.025,"$7,493.16",195.0,26.11,30.84,996,28.82,"$7,086.59",2478.85,5,137,,,66,,,90,8,9,25,4,3,0,2
May 01 2026, STORE020 ,Central Tulsa,Central,Urban,Medium,293,258,176,141,86,16,21,299,1.0205,"USD 5,256.51",147.0,17.58,20.37,830,36.02,"$6,986.33","USD 1,258.06",2,85,,,52,,,82,4,5,32 units,1,1,4,2
2023-10-01,store007,Union Area, West ,Neighborhood,Small,220,135,87,79,37,23,7,154,0.7,"$2,706.36",86.0,17.57,20.05,529,29.11,"$3,460.07",741.66,9,66,,,44,,,64,9,1,22,1,3,0,1
11/01/2023,store003,SOUTH TULSA,south,Neighborhood,Small,282,125,86,73,25,18,5,134,0.4752,"$2,563.66",105.0,19.13,20.51,638,,"3,870.04",971.16,9,48,,,40,,,45,7,3,5,3,5,2,1
01/01/2022, STORE017 ,SOUTHWEST TULSA,SOUTH,Suburban,Medium,275,183,110,98,51,24,20,205,0.7455,,130.0,21.32,23.88,587,34.92,"USD 3,673.77","1,774.74",9,94,,,46,,,54,5,3,8,6,1,4,1
2021-02-01,Store-006,RIVERSIDE, South ,Retail Strip,Medium,280,290,174,142,105,53,13,345,1.2321,"$9,255.98",281.0,26.83,31.92,1220,28.28,"6,489.38","2,626.87",10,91,,,35,,,56,2,9,28,0,1,2,0
01-May-2022,STORE017,SOUTHWEST TULSA,south,Suburban,Medium,258,160,152,119,59,32,13,256,0.9922,"4,557.26",181.0,17.8,28.48,1246,20.55,4263.11,"1,965.59",7,90,,,43,,,54,6,7,10,0,2,2,1
2021-03-01,STORE008, Admiral Area ,east,High Traffic,Large,329,327,220,179,96,24,20,360,1.0942,"$11,005.08",406.0,30.57,33.65,1158,31.09,"USD 9,375.67","2,629.89",0,111,,,106,,,139,7,2,32,12,4,2,0
06/01/2021,STORE007,UNION AREA, West ,Neighborhood,Small,250,147,86,73,47,11,5,149,0.596,"USD 7,241.68",195.0,48.6,49.26,739,20.16,"3,875.61","$1,160.99",0,39,,,29,,,40,7,3,10,3,2,0,1
Feb 01 2025,STORE019,retail plaza,suburban,Retail Strip,Medium,271,259,198,174,68,25,33,324,1.1956,6812.08,194.0,21.02,26.3,931,34.8,7165.32,"USD 2,799.24",3,120,,,89,,,124,5,3,37,8,2,1,2
Mar 01 2021, STORE016 ,industrial district, West ,Neighborhood,Small,264,100,60,53,31,14,9,114,0.4318,"USD 4,441.96",113.0,38.96,44.42,410,27.8,"USD 3,038.34",USD 878.97,7,29,,,28,,,36,7,2,11,3,4,0,1
Oct 01 2024,store018,northeast tulsa,NORTH,Neighborhood,Small,269,136,84,64,31,10,4,129,0.4796,4562.65,134.0,35.37,33.55,420,30.71,"2,359.27",741.71,0,61,,,30,,,40,1,1,10,3,1,1,0
2021-11-01,Store-014,memorial corridor,SOUTH,,Large,325,370,294,265,60,36,36,426,1.3108,"$6,999.55",258.0,16.43,18.92,1193,35.71,"12,266.80","$3,497.25",2,157,,,78,,,128,6,5,48,8,1,1,1
01-Jul-2021,store_001,NORTH TULSA, North ,High Traffic,Large,302,317,232,214,61,29,24,346,1.1457,12309.65,329.0,35.58,38.83,1067,32.43,"12,071.56","2,822.04",8,132,,,71,,,94,8,5,29,1,1,3,4
12/01/2023,Store-001,north tulsa,NORTH,High Traffic,Large,303,305,194,150,104,24,38,360,1.1881,"$12,516.14",331.0,34.77,41.04,1488,24.19,"USD 8,682.09","1,232.06",8,170,,,42,,,84,4,8,46,13,3,3,3
07/01/2024,store_020,Central Tulsa, Central ,Urban,Medium,250,216,187,168,44,16,12,259,1.036,4190.41,126.0,16.18,19.4,915,28.31,"$7,822.62","$1,793.41",5,77,,,35,,,66,3,8,32,2,1,1,2
04/01/2021,Store-013,Brookside,central,Urban,Medium,297,240,171,130,63,20,19,273,0.9192,"4,184.42",182.0,15.33,17.44,884,30.88,"7,080.74","$1,809.05",8,104,,,77,,,80,8,6,12,9,1,3,1
Aug 01 2023, STORE012 ,Downtown,central,Urban,Large,336,269,160,147,82,22,27,291,0.8661,"$6,144.46",155.0,21.11,22.84,902,32.26,5564.24,"USD 2,564.62",0,97,,,62,,,75,7,12,19,2,3,2,1
01-Jan-2025,store020,Central TLSA,central,Urban,Medium,254,291,179,143,48,33,16,276,1.0866,"9,359.27",241.0,33.91,32.16,1041,26.51,"$7,612.03","$2,269.54",3,142,,,42,,,81,3,5,40,1,6,2,0
01-Mar-2021,store006, Riverside ,south,Retail Strip,Medium,259,323,216,159,67,35,29,347,1.3398,"5,839.98",190.0,16.83,18.08,1064,32.61,7838.86,"USD 1,066.32",6,141,,,60,,,104,7,13,43,5,3,3,2
01/01/2025,STORE019,RETAIL PLAZA, Suburban ,Retail Strip,Medium,276,273,204,187,95,50,27,376,1.3623,7809.04,267.0,20.77,28.6,1296,29.01,9778.35,3166.5,0,134,,,75,,,119,3,7,46,7,4,3,3
2023-03-01,store_004, West Tulsa , West ,Retail Strip,Medium,295,323,244,182,106,55,29,434,1.4712,"USD 6,406.75",269.0,14.76,19.84,1884,23.04,9653.14,$889.39,9,109,,,50,,,83,8,4,32,7,0,2,0
06/01/2025,store004,West TLSA,west,Retail Strip,Medium,298,258,168,148,86,28,19,301,1.0101,,152.0,19.44,22.68,871,34.56,7341.78,"2,689.47",8,85,,,65,,,88,8,3,25,5,1,1,3
2024-06-01,store_013, Brookside ,CENTRAL,Urban,Medium,287,234,211,153,91,17,10,329,1.1463,"$6,541.77",221.0,19.88,27.96,960,34.27,"$7,567.52","USD 1,190.48",10,111,,,87,,,111,4,9,33,3,3,1,0
01-Nov-2025,Store-014, Memorial Corridor ,South,High Traffic,Large,312,430,324,249,94,43,23,484,1.5513,"$17,290.00",451.0,35.72,40.21,2032,23.82,"11,023.28",2721.99,9,205,,,104,,,133,1,20,27,1,1,1,1
03/01/2023,store014,memorial corridor,south,High Traffic,Large,320,533,322,275,183,48,39,592,1.85,17086.02,521.0,28.86,32.06,2092,,13194.14,"USD 4,394.74",9,233,,,110,,,169,9,4,52,2,4,0,0
01-Dec-2022,STORE006,Riverside, South ,Retail Strip,Medium,250,292,223,183,59,23,19,324,1.296,"5,663.40",188.0,17.48,19.4,1564,20.72,10552.81,"USD 2,790.67",5,163,,,46,,,77,9,11,36,4,4,0,0
12/01/2023,store005, Midtown ,Central,Urban,Large,302,350,252,188,64,56,25,397,1.3146,14037.2,402.0,35.36,40.11,1975,20.1,"USD 10,598.44","$1,024.88",10,126,,,93,,,126,4,7,39,3,1,0,2
01-Oct-2025,store007,union area,WEST,Neighborhood,Small,221,162,134,115,34,28,8,204,0.9231,"$7,091.16",216.0,34.76,43.77,593,34.4,"$4,192.83",485.74,7,83,,,42,,,70,1,2,26,6,3,3,4
2023-08-01,store009,Peoria Area,south,Neighborhood,Medium,261,198 units,137,124,36,32,9,214,0.8199,6311.69,237.0,29.49,31.88,737,29.04,"USD 6,307.01",1852.24,9,119,,,28,,,57,7,9,31,6,4,1,0
04/01/2021,store_001,NORTH TULSA,NORTH,High Traffic,Large,319,346,201,184,106,33,37,377,1.1818,"USD 8,570.93",240.0,22.73,24.77,1318,28.6,"$7,266.44",1894.34,6,146,,,73,,,91,4,7,20,4,2,1,2
May 01 2021,store013,brookside,central,Urban,Medium,308,211,146,120,75,19,11,251,0.8149,"8,941.62",251.0,35.62,42.38,789,31.81,"4,876.21",USD 752.31,11,89,,,53,,,60,5,1,14,4,5,1,2
01-May-2023,STORE008, Admiral Area ,East,High Traffic,Large,330,406,316,295,138,46,42,542,1.6424,"$6,396.26",251.0,11.8,15.75,1723,31.46,11334.77,2381.96,9,201,,,70,,,137,8,21,65,1,2,2,1
01-Oct-2021,Store-015, University Area ,central,Student Area,Small,279,164,93,73,43,16,16,168,0.6022,2827.53,131.0,16.83,17.24,740,22.7,2998.45,USD 783.81,5,69,,,51,,,67,3,2,17,0,1,2,1
2022-03-01,store001, North Tulsa ,North,High Traffic,Large,323,392,251,224,136,51,39,477,1.4768,"USD 19,265.73",521.0,40.39,49.15,1430,33.36,"$8,579.15","3,148.65",10,142,,,99,,,116,8,13,21,3,1,1,1
2022-06-01,STORE020,Central Tulsa,Central,Urban,Medium,270,205,137,100,41,27,9,214,0.7926,"3,816.28",160.0,17.83,18.62,1032,20.74,"3,841.37",1754.8,10,94,,,63,,,83,1,3,17,2,4,3,1
01-Feb-2023,Store-020,central tulsa,Central,Urban,Medium,284,232,178,142,63,24,19,284,1.0,"USD 8,947.33",304.0,31.5,38.57,1145,24.8,"7,596.81","1,339.78",3,123,,,35,,,53,7,7,19,8,3,0,0
01-Feb-2024, STORE015 ,University Area, Central ,Student Area,Small,282,209,190,151,57,30,24,301,1.0674,6341.95,257.0,21.07,30.34,1606,18.74,"USD 8,483.75",$868.39,11,97,,,63,,,90,3,2,35,0,2,2,1
01-Aug-2023,store003,South TLSA,South,Neighborhood,Small,260,88,65,49,32,10,4,111,0.4269,"USD 2,415.59",81.0,21.76,27.45,392,28.32,"$2,450.76",502.34,9,42,,,32,,,45,5,2,15,0,3,1,2
01-Oct-2021, STORE003 ,SOUTH TULSA,SOUTH,Neighborhood,Small,249,76,58,42,17,9,8,92,0.3695,"$2,915.27",78.0,31.69,38.36,266,34.59,"1,852.44",USD 665.39,10,47,,,26,,,40,3,0,13,3,4,1,0
2021-06-01,STORE011, Airport Area , East ,Retail Strip,Medium,301,197,186,145,58,17,12,273,0.907,"6,834.88",217.0,25.04,34.69,915,29.84,7777.22,1607.03,6,99,,,38,,,66,4,9,35,6,3,2,1
02/01/2025, STORE015 ,university area, Central ,Student Area,Small,241,200,181,165,40,19,20,260,1.0788,5742.26,257.0,22.09,28.71,988,26.32,6626.65,"1,000.57",4,90,,,54,,,71,2,6,17,0,2,0,0
Jul 01 2024,STORE005,midtown, Central ,Urban,Large,329,308,209,193,99,28,33,369,1.1216,"USD 11,792.40",315.0,31.96,38.29,1338,27.58,9237.65,"2,757.00",4,198,,,65,,,86,3,9,26,2,4,4,2
Nov 01 2021,store005,Midtown,central,Urban,Large,291,296,188,140,56,31,24,299 units,1.0275,6602.02,232.0,22.08,22.3,870,34.37,6664.92,758.82,9,114,,,77,,,103,7,11,33,8,1,2,0
06/01/2024,store019,Retail Plaza,SUBURBAN,Retail Strip,Medium,305,277,168,150,90,38,18,314,1.0295,"$7,140.04",255.0,22.74,25.78,998,31.46,7535.61,"USD 2,767.02",10,98,,,77,,,104,4,1,36,1,2,0,1
03/01/2025,store010,SUBURBAN EDGE,Suburban,Suburban,Small,266,82,59,47,17,12,7,95,0.3571,1595.55,47.0,16.8,19.46,450,21.11,"USD 2,124.56",USD 440.05,7,37,,,29,,,33,1,2,6,2,2,2,0
01-Apr-2023,STORE006,Riverside,SOUTH,Retail Strip,Medium,307,310,204,181,57,23,12,296,0.9642,"USD 6,368.87",258.0,21.52,20.54,1069,27.69,"10,363.35","2,227.67",2,94,,,100,,,120,0,3,31,0,1,0,0
2024-05-01,Store-004,West Tulsa,west,Retail Strip,Medium,271,307,172,151,82,43,11,308,1.1365,"$13,066.47",363.0,42.42,42.56,898,34.3,8695.79,2738.47,4,105,,,46,,,76,1,9,34,8,1,0,1
01-Jan-2024,store002,east tulsa,EAST,Neighborhood,Medium,303,181,171,127,72,35,24,302,0.9967,"$4,108.61",109.0,13.6,22.7,1018,29.67,"5,156.58",1806.08,9,84,,,43,,,52,4,10,10,2,3,0,2
2025-07-01,store_018,Northeast Tulsa,north,Neighborhood,Small,224,144,102,74,32,10,12,156,0.6964,"USD 4,544.33",184.0,29.13,31.56,613,25.45,4231.46,"$1,109.13",1,76,,,34,,,47,2,4,14,0,4,1,0
01-Jul-2023, STORE011 ,AIRPORT AREA,East,Retail Strip,Medium,309 units,271,214,177,73,30,29,346,1.1197,"USD 3,515.58",162.0,10.16,12.97,1723,20.08,10009.66,"USD 2,944.52",10,131,,,48,,,82,4,10,39,8,2,1,1
2021-10-01,store_004,west tulsa,WEST,Retail Strip,Medium,253,191,151,117,52,26,7,236,0.9328,"USD 6,348.85",162.0,26.9,33.24,923,25.57,"4,918.43","$1,370.40",2,66,,,47,,,56,5,3,12,5,2,0,2
2021-07-01,Store-018,northeast tulsa, North ,Neighborhood,,282,104,84,63,19,18,7,128,0.4539,"2,002.28",60.0,15.64,19.25,575,22.26,"3,136.94",USD 313.56,2,39,,,23,,,31,2,2,7,3,2,1,0
04/01/2024,store006,riverside,south,Retail Strip,Medium,256,321,269,239,93,48,35,445,1.7383,"USD 10,548.46",368.0,23.7,32.86,1936,22.99,"$13,448.41","USD 2,218.76",11,155,,,71,,,86,2,9,18,6,1,1,0
01-May-2021, STORE001 , North Tulsa ,North,High Traffic,Large,309,302,192,177,104,26,23,345,1.1165,"$6,965.17",320.0,20.19,23.06,1326,26.02,"9,973.89","2,052.77",0,118,,,64,,,83,0,7,19,8,1,1,1
2025-07-01,STORE010,SUBURBAN EDGE,Suburban,Suburban,Small,253,89,82,71,31,18,8,139,0.5494,"USD 3,120.05",100.0,22.45,35.06,516,26.94,"USD 3,567.73",USD 458.44,0,44,,,16,,,21,2,2,6,0,4,2,1
02/01/2025,store009, Peoria Area ,south,Neighborhood,Medium,258,227 units,181,142,53,22,10,266,1.031,"6,905.82",232.0,25.96,30.42,1225,21.71,5773.86,"1,452.48",5,77,,,40,,,67,5,8,32,0,5,0,1
04/01/2023,Store-002,EAST TULSA, East ,Neighborhood,Medium,265,183,133,116,64,33,19,249,0.9396,,112.0,13.63,18.54,694,35.88,6346.49,693.17,4,73,,,39,,,65,8,10,30,3,2,5,1
01-Jun-2023,store020,central tulsa, Central ,Urban,Medium,282,210,160,119,68,32,18,278,0.9858,"USD 8,443.38",231.0,30.37,40.21,898,30.96,"5,569.38","1,622.50",4,75,,,57,,,78,2,5,23,9,3,2,0
2023-01-01,store001,north tulsa, North ,High Traffic,Large,323,332,278,214,95,45,18,436,1.3498,13574.28,444.0,31.13,40.89,1946,22.4,"$12,118.73","USD 1,480.86",1,153,,,51,,,102,0,9,55,3,2,2,0
09/01/2021,store_006,RIVERSIDE,south,Retail Strip,Medium,257,256,181,154,84,32,9,306,1.1907,"$6,524.68",214.0,21.32,25.49,1426,21.46,"USD 5,999.69",1805.91,9,95,,,63,,,84,4,10,19,1,2,1,1
01/01/2022, STORE009 , Peoria Area ,SOUTH,Neighborhood,Medium,273,188,150,134,47,23,17,237,0.8681,"USD 6,735.66",221.0,28.42,35.83,670,35.37,"$5,279.40","$1,157.36",9,78,,,49,,,61,2,2,13,4,3,2,0
04/01/2022,store_008, Admiral Area ,East,High Traffic,Large,300,341,293,212,99,25,14,431,1.4367,"USD 10,405.49",323.0,24.14,30.51,2373,18.16,"USD 8,931.57","USD 1,261.88",5,148,,,55,,,100,0,6,51,14,3,0,2
01-Nov-2025,store_019,RETAIL PLAZA,SUBURBAN,Retail Strip,Medium,267,266,222,179,94,23,24,363,1.3596,"$6,794.23",240.0,18.72,25.54,1627,22.31,"9,982.39","$1,793.18",10,89,,,97,,,113,5,5,25,4,2,2,1
Aug 01 2024,Store-006, Riverside ,South,Retail Strip,Medium,298,312,168,134,61,34,24,287,0.9631,"8,582.17",398.0,29.9,27.51,1494,19.21,6700.72,"USD 1,537.69",1,96,,,78,,,117,4,14,39,1,3,4,3
05/01/2022,Store-015, University Area ,central,Student Area,Small,234,184,112,83,62,22,14,210,0.8974,3912.94,130.0,18.63,21.27,679,30.93,"$2,921.29","USD 1,780.07",9,67,,,45,,,69,5,1,22,1,3,0,1
May 01 2021,store_018,Northeast TLSA,North,Neighborhood,Small,227,136,80,61,35,12,5,132,0.5815,3088.13,132.0,23.39,22.71,460,28.7,"USD 2,695.43",USD 304.32,9,47,,,38,,,55,1,3,21,3,2,0,1
2023-07-01,store016,industrial district,west,Neighborhood,Small,273,90,64,53,33,7,5,109,0.3993,"USD 3,591.42",100.0,32.95,39.9,344,31.69,"$2,419.27",321.13,9,39,,,28,,,35,1,2,9,3,1,0,1
11/01/2024,STORE013, Brookside ,Central,Urban,Medium,277,282,230,195,46,51,27,354,1.278,"USD 7,606.91",333.0,21.49,26.97,1459,24.26,"8,344.25","USD 2,881.91",8,132,,,97,,,108,0,3,18,10,0,2,1
Mar 01 2025, STORE005 ,Midtown,CENTRAL,Urban,Large,292,384,290,257,108,66,17,481,1.6473,12200.54,510.0,25.36,31.77,1414,34.02,"$13,887.71",1666.89,11,126,,,93,,,128,2,11,35,6,3,2,2
12/01/2024,store004,West TLSA,west,Retail Strip,Medium,273,254,166,128,76,44,14,300,1.0989,"$5,723.74",183.0,19.08,22.53,1415,21.2,"$4,796.74",820.64,11,100,,,83,,,99,6,9,26,5,6,0,1
2024-07-01, STORE016 , Industrial District , West ,Neighborhood,Small,251,121,93,85,28,8,12,141,0.5618,"USD 5,706.23",149.0,40.47,47.16,445,31.69,"USD 3,929.25","USD 1,096.64",0,61,,,37,,,51,0,4,13,3,0,0,0
01-Dec-2025,store019,Retail Plaza,suburban,Retail Strip,Medium,308,273,205,163,50,52,30,337,1.0942,13212.56,363.0,39.21,48.4,1518,22.2,"$6,402.76","USD 1,676.78",7,143,,,43,,,73,7,12,35,3,1,0,0
01-Dec-2023,store_008,Admiral Area,East,High Traffic,Large,326,376,238,197,63,32,42,375,1.1503,"$5,681.59",229.0,15.15,15.11,1165,32.19,8583.53,2943.79,9,147,,,129,,,189,9,18,56,8,3,3,1
May 01 2025,store_002, East Tulsa ,EAST,Neighborhood,Medium,285,246,196,184,64,22,27,309,1.0842,"USD 8,510.98",221.0,27.54,34.6,1099,28.12,"$10,119.25","USD 1,978.22",4,119,,,70,,,92,4,7,24,6,4,3,0
04/01/2022, STORE003 ,south tulsa,south,Neighborhood,Small,257,100 units,81,73,24,7,5,117,0.4553,"USD 1,873.46",78.0,16.01,18.73,390,30.0,"USD 2,669.28",941.18,9,44,,,27,,,33,7,1,7,0,1,1,0
08/01/2025,store_001,NORTH TULSA, North ,High Traffic,Large,308,402,284,235,118,41,18,461,1.4968,"USD 15,078.53",419.0,32.71,37.51,2042,22.58,"USD 9,512.66",3707.58,5,172,,,106,,,122,1,18,22,2,3,5,1
01-Aug-2022, STORE009 ,Peoria Area,SOUTH,Neighborhood,Medium,285,219,158,141,45,30,19,252,0.8842,"$3,966.43",140.0,15.74,18.11,920,27.39,"5,181.96","USD 1,701.75",7,83,,,44,,,55,0,6,16 units,0,4,2,0
2021-12-01,Store-016,industrial district, West ,Neighborhood,Small,278,96,66,55,28,12,8,114,0.4101,2873.12,102.0,25.2,29.93,462,24.68,1937.51,669.59,7,42,,,13,,,23,5,0,10,1,2,1,1
03/01/2025, STORE016 , Industrial District ,west,Neighborhood,Small,263,140,100,77,46,22,11,179,0.6806,3741.18,119.0,20.9,26.72,673,26.6,"USD 4,237.97",USD 543.81,0,49,,,41,,,51,5,7,14,1,1,2,0
Sep 01 2024,STORE007,UNION AREA,West,Neighborhood,Small,277,137,84,77,48,10,13,155,0.5596,3578.03,123.0,23.08,26.12,667,23.24,"USD 3,206.83",585.29,4,44,,,47,,,59,9,5,15 units,2,1,0,2
2022-04-01, STORE006 ,riverside, South ,,Medium,303,346,229,191,65,47,26,367,1.2112,"12,219.78",445.0,33.3,35.32,1606,22.85,9003.99,2038.49,4,88,,,90,,,113,8,12,32,6,2,0,2
May 01 2025,Store-011, Airport Area ,EAST,Retail Strip,Medium,306,352,276,206,91,60,24,451,1.4739,"6,789.42",307.0,15.05,19.29,1436,31.41,"9,930.25","$1,585.02",7,136,,,41,,,61,3,6,26,13,3,0,0
2025-07-01, STORE009 ,Peoria Area,south,Neighborhood,Medium,264,228,173,158,68,27,19,287,1.0871,"7,417.33",236.0,25.84,32.53,1393,20.6,"$7,857.45","USD 1,600.93",5,121,,,37,,,62,9,11,26,0,3,1,0
01/01/2022,Store-010,Suburban Edge,Suburban,Suburban,Small,262,58,34,26,11,4,4,53,0.2023,"USD 1,912.69",72.0,36.09,32.98,152,34.87,1114.37,192.07,2,17,,,9,,,12,0,0,4,0,0,0,1
Dec 01 2024,store_006,Riverside,South,Retail Strip,Medium,283,325,209,175,100,52,29,390,1.3781,"$12,540.51",323.0,32.16,38.59,1093,35.68,9559.75,USD 927.96,7,130,,,108,,,151,7,16,43,5,0,3,1
2025-05-01,STORE019,RETAIL PLAZA,SUBURBAN,Retail Strip,Medium,274,285,265,237,107,36,17,425,1.5511,,282.0,20.84,31.07,1509,28.16,"10,277.29","1,479.09",8,117,,,70 units,,,83,0,4,21,4,1,0,1
04/01/2021,STORE012, Downtown ,CENTRAL,Urban,Large,333,317,246,191,73,47,21,387,1.1622,"$13,720.59",424.0,35.45,43.28,1146,33.77,"USD 10,676.09","$2,769.50",4,93,,,61,,,103,3,12,42,0,3,3,1
2021-05-01, STORE015 ,UNIVERSITY AREA,central,Student Area,Small,224,201,140,123,36,18,20,214,0.9554,"USD 4,857.71",205.0,22.7,24.17,1144,18.71,"7,086.75",USD 556.78,2,76,,,61 units,,,74,1,6,10,5,2,1,0
Nov 01 2023,Store-001,NORTH TULSA,NORTH,High Traffic,Large,322,289,219,164,107,33,26,385,1.1957,"6,124.46",175.0,15.91,21.19,1552,24.81,"$8,710.54","1,586.45",9,159,,,65,,,81,3,16,22,2,3,2,2
01-Feb-2021,store014,MEMORIAL CORRIDOR,SOUTH,High Traffic,Large,337,306,264,198,118,27,12,421,1.2493,9221.26,,21.9,30.13,2170,19.4,"$9,142.80",3033.57,0,139,,,67,,,118,5,5,49,11,3,1,1
01-Dec-2024,store_019, Retail Plaza , Suburban ,Retail Strip,Medium,308,315,197,181,98,39,23,357,1.1591,"$14,723.10",373.0,41.24,46.74,1446,24.69,"USD 8,847.18","$2,572.55",1,156,,,53,,,84,2,13,29,10,2,2,1
11/01/2022,store009,PEORIA AREA, South ,,Medium,270,158,129,106,33,20,20,202,0.7481,"3,391.28",125.0,16.79,21.46,717,28.17,3869.86,USD 813.39,2,64,,,55,,,75,0,0,26,5,5,0,1
2022-11-01,store006, Riverside ,SOUTH,Retail Strip,Medium,270,247,171,150,94,35,10,310,1.1481,"$5,374.67",218.0,17.34,21.76,863,35.92,"USD 5,575.34",2205.66,2,106,,,78,,,122,4,11,41,2,2,0,2
04/01/2025,STORE007, Union Area ,West,Neighborhood,Small,276,206,133,116,62,23,21,239,0.8659,"$5,625.59",235.0,23.54,27.31,752,31.78,"5,612.33","USD 1,984.83",5,94,,,65,,,98,3,2,30,7,4,4,0
Jan 01 2024,store_008,admiral area,EAST,High Traffic,Large,314,432,321,272,86,42,26,475,1.5127,"USD 13,685.14",574.0,28.81,31.68,1618,29.36,"12,771.15",1054.57,4,135,,,67,,,111,7,11,50,0,4,0,1
2024-07-01, STORE007 ,Union Area,West,Neighborhood,Small,257,156,123,100,32,18,14,187,0.7276,"$5,417.14",163.0,28.97,34.73,895,20.89,"4,228.76","$1,251.83",10,64,,,34,,,57,0,0,21,1,2,0,0
2021-04-01, STORE018 ,Northeast TLSA,NORTH,Neighborhood,Small,239,124,101,75,28,15,11,155,0.6485,"USD 2,986.85",123.0,19.27,24.09,477,32.49,"$3,635.60","$1,316.37",3,56,,,19,,,30,8,5,11 units,0,2,4,1
May 01 2021,store_005,Midtown, Central ,Urban,Large,292,290,237,197,81,20,20,358,1.226,"12,467.07",332.0,34.82,42.99,1265,28.3,"10,144.16",$849.64,0,137,,,102,,,119,5,5,24,4,3,1,1
Feb 01 2024,Store-002,east tulsa,East,Neighborhood,Medium,287,180,142,123,45,25,21,233,0.8118,"6,147.43",172.0,26.38,34.15,1162,20.05,4879.12,"$1,060.06",0,67,,,60,,,72,0,9,18,3,1,3,2
May 01 2021,store_003,SOUTH TULSA,SOUTH,Neighborhood,Small,236,100,81,58,28,8,5,122,0.5169,"$3,224.45",109.0,26.43,32.24,584,20.89,2208.22,USD 650.53,2,48,,,30,,,40,3,5,14,2,2,0,0
2022-11-01,Store-018,Northeast Tulsa, North ,Neighborhood,Small,233,104,87,78,41,17,9,154,0.6609,3125.27,94.0,20.29,30.05,519,29.67,3721.87,$436.31,9,36,,,20,,,24,1,2,7,3,6,0,3
06/01/2024,STORE009, Peoria Area ,south,Neighborhood,Medium,290,205,155,127,81,32,9,277,0.9552,"$4,880.62",183.0,17.62,23.81,1054,26.28,"5,896.11",1616.04,3,117,,,75,,,91,5,3,15 units,5,1,0,0
2024-11-01, STORE002 ,East TLSA, East ,Neighborhood,Medium,306,155,151,134,51,29,7,238,0.7778,"USD 6,265.87",189.0,26.33,40.42,871,27.32,"$6,722.72",USD 480.00,6,85,,,61,,,89,1,2,25,6,2,2,3
2022-10-01,STORE017,Southwest TLSA,South,Suburban,Medium,279,179,132,95,44,10,9,195 units,0.6989,5995.56,219.0,30.75,33.49,602,32.39,"$3,646.85","1,563.92",6,70,,,32,,,39,1,1,7,0,5,6,1
01/01/2024,store011,Airport Area, East ,Retail Strip,Medium,256,295,217,194,48,20,23,308,1.2031,"USD 5,120.58",172.0,16.63,17.36,1154,26.69,"9,989.06","1,123.36",5,102,,,72,,,94,4,8,32,2,5,0,1
Feb 01 2026,STORE013, Brookside ,central,Urban,Medium,299,257,185,140,51,26,15,277,0.9264,6089.66,183.0,21.98,23.7,1030,26.89,6725.09,"$1,302.44",10,102,,,81,,,126,4,6,41,7,1,1,1
Sep 01 2022,STORE005,MIDTOWN,central,Urban,Large,320,248,173,159,67,50,17,307,0.9594,"5,316.54",140.0,17.32,21.44,997,30.79,"5,633.23","2,443.08",7,150,,,101,,,153,3,4,45,10,3,1,1
01-Nov-2025,store011,AIRPORT AREA,EAST,Retail Strip,Medium,296,232,191,147,45,33,30,299,1.0101,4627.7,174.0,15.48,19.95,1270 units,23.54,"6,659.36",599.93,6,123,,,45,,,77,2,0,35,4,1,1,1
Sep 01 2025,Store-020,CENTRAL TULSA,central,Urban,Medium,285,222,154,130,60,20,18,252,0.8842,"8,656.66",236.0,34.35,38.99,970,25.98,"$7,076.96",$711.34,0,79,,,47,,,57,7,8,16,0,2,1,1
May 01 2024,store003,south tulsa,South,Neighborhood,Small,255,113,97,86,43,9,11,160,0.6275,"USD 1,668.28",74.0,10.43,14.76,565,28.32,"3,324.92",718.09,0,55,,,18,,,28,9,0,10,3,4,1,2
2021-06-01,store005,MIDTOWN,central,Urban,Large,298,303,221,172,48,43,19,331,1.1107,9275.2,235.0,28.02,30.61,1814,18.25,8713.86,2521.86,0,81,,,38,,,64,8,1,24,0,3,0,1
Jul 01 2023,STORE010, Suburban Edge ,Suburban,Suburban,Small,256,60,49,43,22,7,5,83,0.3242,2014.32,62.0,24.27,33.57,233,35.62,"1,576.80",435.02,0,19,,,19,,,23,9,3,5,0,1,0,2
02/01/2025,store_008,Admiral Area, East ,High Traffic,Large,308,484,361,269,103,61,23,548,1.7792,"13,778.96",554.0,25.14,28.47,2066,26.52,"10,953.29","$1,976.58",3,192,,,136,,,205,6,18,67,8,2,0,1
Oct 01 2025,store016,Industrial District,WEST,Neighborhood,Small,249,109,93,72,27,21,10,151,0.6064,3814.97,110.0,25.26,35.0,575,26.26,"$2,997.44",887.27,6,46,,,36,,,43,2,5,12,2,2,2,2
04/01/2021,Store-003,South TLSA,South,Neighborhood,Small,233,147,86,65,25,14,15,140,0.6009,"USD 6,150.94",187.0,43.94,41.84,416,33.65,3250.37,"USD 1,098.62",2,58,,,38,,,42,0,2,9,1,1,2,0
Mar 01 2022, STORE002 ,EAST TULSA,east,Neighborhood,Medium,254,186,139,108,61,25,22,247,0.9724,"USD 3,371.32",141.0,13.65,18.13,1253,19.71,4490.6,"1,338.18",2,108,,,52,,,73,0,3,24,1,1,1,2
Feb 01 2025,store_014,MEMORIAL CORRIDOR,South,High Traffic,Large,297,445,296,265,74,41,17,428,1.4411,"9,119.90",293.0,21.31,20.49,1484,28.84,13794.19,1033.02,1,208,,,90,,,127,4,6,49,11,2,3,1
Dec 01 2021,store019,Retail Plaza,SUBURBAN,Retail Strip,Medium,258,189,142,114,70,18,14,244,0.9457,"USD 3,267.14",114.0,13.39,17.29,1222,19.97,"USD 6,203.95","$1,996.42",10,119 units,,,28,,,52,6,1,25,1,2,1,1
12/01/2021,Store-004,WEST TULSA,WEST,Retail Strip,Medium,295,270,172,158,86,45,27,330,1.1186,"9,866.27",339.0,29.9,36.54,932,35.41,"USD 8,576.97","1,528.58",9,150,,,76,,,99,7,13,22,1,3,0,2
Aug 01 2021, STORE006 ,riverside,south,Retail Strip,Medium,294,285,162,148,96,20,12,290,0.9864,3998.65,158.0,13.79,14.03,1145,25.33,"$7,004.82",$618.48,3,142,,,80,,,93,1,1,12,4,3,1,0
Mar 01 2026,STORE013,brookside,central,Urban,Medium,276,273,238,199,92,40,21,391,1.4167,5505.28,236.0,14.08,20.17,1306,29.94,"7,690.93","USD 3,485.32",2,158,,,70,,,108,2,12,46,6,2,1,1
2022-07-01,Store-014,Memorial Corridor, South ,High Traffic,Large,339,447,333,293,85,31,19,468,1.3805,"7,541.39",356.0,16.11,16.87,1754,26.68,"$13,596.33","2,085.06",5,221,,,75,,,121,0,20,45,16,1,4,1
01-Jun-2021, STORE019 ,RETAIL PLAZA,SUBURBAN,Retail Strip,Medium,275,248,176,128,44,39,24,283,1.0291,6819.71,213.0,24.1,27.5,988,28.64,"6,508.08","2,503.77",3,74,,,44,,,54,2,11,14,3,1,1,2
2025-03-01, STORE006 ,riverside,SOUTH,Retail Strip,Medium,281 units,310,271,229,72,32,16,391,1.3915,9691.94,276.0,24.79,31.26,1121,34.88,"USD 13,228.61","2,496.27",10,108,,,122,,,166,0,14,41,5,3,2,0
Jan 01 2022, STORE011 ,AIRPORT AREA,East,Retail Strip,Medium,277,217,184,145,78,25,29,316,1.1408,"USD 5,074.77",171.0,16.06,23.39,981,32.21,"USD 6,993.37","$2,330.76",3,95,,,57,,,71,6,5,12,3,1,6,2
May 01 2026, STORE012 ,Downtown,CENTRAL,,Large,291,363,236,181,84,31,20,371,1.2749,"$12,319.36",409.0,33.21,33.94,1304,28.45,"8,624.05","USD 3,150.78",1,127,,,104,,,127,1,15,23,3,1,2,3
2021-01-01, STORE010 ,Suburban Edge,suburban,Suburban,Small,231,78,48,43,19,8,5,80,0.3463,"USD 2,079.60",86.0,25.99,26.66,272,29.41,"$1,867.52",441.36,5,39,,,16,,,27,5,3,11,0,2,0,1
Nov 01 2022,store010,SUBURBAN EDGE, Suburban ,Suburban,Small,283,52,45,42,18,8,3,74,0.2615,"1,409.20",59.0,19.04,27.1,406,18.23,"$2,263.61",337.81,7,26,,,10,,,12,9,1,3,1,1,0,2
2022-01-01,STORE016,Industrial District,WEST,Neighborhood,Small,240,100,75,61,31,14,6,126,0.525,4029.9,108.0,31.98,40.3,675,18.67,3199.73,"$1,096.77",0,27,,,27,,,37,1,1,9,0,1,0,2
06/01/2023,store014, Memorial Corridor ,South,High Traffic,Large,322,389,316,253,100,44,36,496,1.5404,"7,974.93",369.0,16.08,20.5,1418,34.98,14671.69,"USD 3,246.89",4,155,,,86,,,147,4,1,61,5,1,2,0
01-Aug-2022,store_010, Suburban Edge , Suburban ,Suburban,,281,59,39,36,19,7,4,69,0.2456,"1,901.62",79.0,27.56,32.23,226,30.53,1327.61,USD 319.16,4,18,,,15,,,19,7,0,6,1,3,3,0
Mar 01 2024,STORE015,university area, Central ,Student Area,Small,222,214,172,129,81,29,20,302,1.3604,6439.22,276.0,21.32,30.09,1112,27.16,4882.01,"2,540.04",9,112,,,40,,,56,5,2,16 units,8,2,3,0
Jun 01 2025,Store-018,northeast tulsa, North ,Neighborhood,Small,273,137,84,72,23,16,8,131,0.4799,"USD 3,137.92",91.0,23.95,22.9,484,27.07,"$2,846.62",$435.72,6,47,,,30,,,37,4,1,10,1,3,0,0
01-Apr-2023, STORE018 ,northeast tulsa,NORTH,Neighborhood,Small,242,140,104,78,48,10,5,167,0.6901,6430.36,170.0,38.51,45.93,687,24.31,"4,003.59",$558.76,1,49,,,24,,,41,9,7,16,4,2,3,4
12/01/2022,Store-001,north tulsa,North,High Traffic,Large,304,338,240,179,120,60,38,458,1.5066,"USD 16,322.84",429.0,35.64,48.29,2247,20.38,"$6,847.76",3710.17,6,190,,,112,,,163,4,9,46,10,0,1,4
2026-02-01,STORE017,Southwest Tulsa,SOUTH,,Medium,308,177,131,94,68,24,11,234,0.7597,"3,282.02",131.0,14.03,18.54,882,26.53,"USD 5,170.50","USD 1,808.42",3,65,,,51,,,78,3,6,25,2,1,1,1
01-Aug-2021,store_005,Midtown,central,Urban,Large,300,283,220,200,75,21,15,331,1.1033,"$13,274.66",369.0,40.1,46.91,1482,22.33,"$11,385.77","$2,259.60",11,149,,,89,,,124,4,10,34,3,2,1,0
Feb 01 2023,store_002, East Tulsa ,East,Neighborhood,Medium,287,168,140,101,35,25,13,213,0.7422,"USD 4,892.17",124.0,22.97,29.12,1024,20.8,"3,995.23","1,004.36",3,80,,,41,,,62,6,1,24,1,1,0,5
Feb 01 2026,Store-020, Central Tulsa ,Central,Urban,Medium,308,245,147,130,75,24,15,261,0.8474,"7,033.72",278.0,26.95,28.71,1156,22.58,"6,214.85","$1,028.59",5,113,,,34,,,44,3,9,15,2,2,2,2
Mar 01 2023,STORE020,central tulsa,CENTRAL,Urban,Medium,296,249,215,160,50,22,12,299,1.0101,"$8,472.33",261.0,28.34,34.03,862,34.69,"USD 5,686.52","$1,247.75",5,119,,,65,,,85,7,12,19,6,1,0,1
2021-09-01,store_018, Northeast Tulsa , North ,Neighborhood,Small,253,115,72,65,25,12,12,121,0.4783,2705.27,90.0,22.36,23.52,489,24.74,"2,866.11",USD 282.88,10,55,,,26,,,36,5,3,9,3,4,2,1
01-May-2026,store014,MEMORIAL CORRIDOR, South ,High Traffic,Large,324,418,323,303,160,52,26,561,1.7315,"10,924.09",284.0,19.47,26.13,3116,18.0,"USD 13,799.71","USD 2,206.65",10,227,,,118 units,,,150,0,23,38,1,4,2,0
Feb 01 2024,store020,central tulsa,Central,Urban,Medium,288,245,199,145,73,39,26,337,1.1701,7518.95,229.0,22.31,30.69,1182,28.51,"$7,674.99",1495.9,0,111,,,62,,,84,6,6,27,4,1,1,1
01-Aug-2024,Store-008,admiral area,east,High Traffic,Large,302,339,288,212,73,64,31,456,1.5099,"USD 4,723.15",198.0,10.36,13.93,1886,24.18,7660.22,"$3,392.54",5,154,,,96,,,122,9,16,30,10,6,0,0
12/01/2023,store007, Union Area ,West,Neighborhood,Small,276,132,99,92,54,16,12,181,0.6558,"$3,150.19",111.0,17.4,23.87,608,29.77,"$4,165.54",$762.22,4,75,,,29,,,37,6,6,11,3,4,1,0
2026-02-01,store_007, Union Area , West ,Neighborhood,Small,253,138,101,78,41,26,7,175,0.6917,"$3,511.18",105.0,20.06,25.44,915,19.13,3358.97,"$1,223.95",7,72,,,29,,,42,6,5,16,4,1,0,4
01-Apr-2023,store_009,Peoria Area, South ,Neighborhood,Medium,262,215,184,148,78,24,19,305,1.1641,"$7,337.01",205.0,24.06,34.13,1300,23.46,"USD 6,155.63","2,082.93",5,117,,,74,,,111,3,3,35,7,6,0,2
01-Jan-2021,store008,ADMIRAL AREA,east,High Traffic,Large,316,403,309,262,103,30,22,464,1.4684,"14,870.88",403.0,32.05,36.9,2019,22.98,"13,865.87",1428.84,10,159,,,73,,,112,1,16,43,8,4,2,1
01-Nov-2023,store_014, Memorial Corridor , South ,High Traffic,Large,303,378,289,214,109,33,34,465,1.5347,"$9,988.36",462.0,21.48,26.42,2136,21.77,10062.05,"2,176.02",10,219,,,143,,,200,2,15,48,8,3,3,3
01-Oct-2023,store_008,admiral area, East ,High Traffic,Large,309,385,297,278,104,47,27,475,1.5372,"10,265.15",387.0,21.61,26.66,1359,34.95,"USD 12,038.03",2977.69,8,112,,,111,,,135,8,3,35,1,3,0,0
05/01/2025,store_003,SOUTH TULSA,south,Neighborhood,Small,246,145,92,74,37,23,9,161,0.6545,"$5,719.02",175.0,35.52,39.44,587,27.43,"USD 3,015.18",711.43,2,63,,,39,,,45,3,5,6,0,4,1,1
01-Jun-2022,store018,NORTHEAST TULSA,north,Neighborhood,Small,227,122,88,80,27,25,8,148,0.652,"2,692.07",91.0,18.19,22.07,755,19.6,"$4,493.42",483.16,1,43,,,24,,,40,1,0,19,0,1,1,1
05/01/2022,STORE010,SUBURBAN EDGE,SUBURBAN,Suburban,Small,274,62,54,38,23,4,4,85,0.3102,"1,743.03",56.0,20.51,28.11,312,27.24,1565.62,$194.50,1,35,,,17,,,24,6,0,8,1,3,2,1
Mar 01 2025,Store-002,EAST TULSA, East ,Neighborhood,Medium,254,236,177,158,75,13,16,281,1.1063,6639.85,,23.63,28.13,1329,21.14,"USD 8,146.45","$1,836.58",9,89,,,27,,,56,9,11,32,0,3,1,1
01-Apr-2025,STORE011,AIRPORT AREA, East ,Retail Strip,Medium,255,338,205,166,113,56,18,392,1.5373,"USD 11,798.26",379.0,30.1,34.91,1461,26.83,"8,339.41","$3,016.97",9,107,,,76,,,96,3,7,26,11,0,2,0
2024-12-01, STORE005 ,MIDTOWN,central,Urban,Large,325,361,245,228,72,33,33,383,1.1785,"6,848.52",279.0,17.88,18.97,1074,35.66,"USD 12,620.78","1,540.07",4,168,,,121,,,141,8,4,36,11,1,1,1
Jan 01 2022,store_019,Retail Plaza,SUBURBAN,Retail Strip,Medium,270,276,178,145,76,21,21,296,1.0963,10171.84,275.0,34.36,36.85,984,30.08,5801.47,2507.24,11,79,,,67 units,,,83,2,8,25,9,3,0,1
01-May-2025,STORE016,industrial district,west,Neighborhood,Small,237,106,74,62,35,19,11,139,0.5865,"5,150.98",137.0,37.06,48.59,454,30.62,"USD 2,696.00","1,109.08",5,55,,,29,,,36,9,3,12,2,2,3,0
01-Jul-2022,STORE013, Brookside , Central ,Urban,Medium,251,216,188,141,84,35,10,317,1.2629,"$4,736.64",192.0,14.94,21.93,982,32.28,"USD 6,571.83",$788.20,7,121,,,36,,,72,2,12,33,5,3,2,1
2025-01-01,store007,Union Area,west,Neighborhood,Small,259,160,117,108,63,20,10,210,0.8108,6662.73,204.0,31.73,41.64,633,33.18,"USD 5,428.91","USD 1,235.89",8,91,,,43,,,69,2,5,26,0,4,0,1
02/01/2024, STORE007 , Union Area ,West,Neighborhood,Small,235,155,108,81,33,19,18,178,0.7574,"$7,445.29",205.0,41.83,48.03,694,25.65,"USD 4,299.78",$707.35,5,96,,,34,,,57,3,0,23,5,2,1,1
Aug 01 2021,STORE003,south tulsa,south,Neighborhood,Small,258,104,65,53,30,7,4,106,0.4109,"USD 2,107.66",65.0,19.88,20.27,338,31.36,"$2,210.60",$269.83,3,28,,,17,,,22,2,3,6,3,3,2,0
01-Mar-2023,Store-006, Riverside ,south,Retail Strip,Medium,258,375,261,194,105,45,24,435,1.686,"$7,358.94",224.0,16.92,19.62,2171,20.04,"$8,671.72","2,345.50",9,131,,,45 units,,,96,9,0,56,10,2,1,2
01-Jan-2026, STORE010 ,Suburban Edge, Suburban ,Suburban,Small,228,90,62,55,18,14,7,101,0.443,"2,578.44",71.0,25.53,28.65,520,19.42,"2,980.80",789.99,4,40,,,16,,,21,5,0,5,1,1,2,0
2025-06-01,STORE020,CENTRAL TULSA,CENTRAL,Urban,Medium,303,258,192,150,49,17,10,268,0.8845,"12,101.98",347.0,45.16,46.91,1340,20.0,"USD 7,093.29","$1,443.96",11,110,,,44,,,66,6,9,24,6,2,1,0
11/01/2024,store018, Northeast Tulsa ,NORTH,Neighborhood,Small,275,107,97,75,38,16,6,157 units,0.5709,"2,367.24",80.0,15.08,22.12,737,21.3,"$3,903.02",458.59,3,44,,,30,,,35,2,3,8,2,5,0,1
Apr 01 2026,store016, Industrial District ,west,Neighborhood,Small,253,122,79,73,43,16,14,152,0.6008,"$4,909.63",138.0,32.3,40.24,631,24.09,"$3,755.38","USD 1,259.25",4,38,,,24,,,39,6,5,18,3,1,2,0
2022-11-01,STORE001, North Tulsa , North ,High Traffic,Large,339,260,188,141,55,21,17,281,0.8289,"USD 10,991.90",296.0,39.12,42.28,799,35.17,7011.61,"1,248.91",3,159,,,72,,,107,8,5,45,9,1,0,2
2023-03-01,STORE012,downtown,Central,Urban,Large,304,330,216,182,135,57,28,436,1.4342,"USD 5,760.11",202.0,13.21,17.45,1628,26.78,"6,803.02","$2,343.46",7,112,,,46,,,67,9,18,25,0,1,0,0
10/01/2024,store011,AIRPORT AREA,east,Retail Strip,Medium,270,235,187,172,98,24,13,322,1.1926,"$4,551.07",142.0,14.13,19.37,1114,28.9,7977.93,1829.47,10,78,,,64,,,81,5,1,23,3,4,0,0
Dec 01 2021,STORE007,UNION AREA,west,Neighborhood,Small,233,172,112,93,56,14,15,197,0.8455,"5,823.03",183.0,29.56,33.85,651,30.26,"$3,422.08",USD 563.40,6,66,,,33,,,58,8,5,26,3,1,0,0
2024-08-01,Store-009,Peoria Area,SOUTH,Neighborhood,,304,191,115,98,44,33,16,208,0.6842,"$6,449.03",247.0,31.0,33.76,1130,18.41,4627.93,1415.29,5,82,,,61,,,65,6,4,10,2,3,1,1
Dec 01 2021,store009,Peoria Area, South ,Neighborhood,Medium,275,189,143,109,62,15,17,237,0.8618,5416.9,143.0,22.86,28.66,738,32.11,"5,788.63",874.63,8,93,,,55,,,69,3,9,18,2,1,2,1
Nov 01 2025,STORE005,midtown, Central ,Urban,Large,305,350 units,192,170,73,33,20,318,1.0426,9076.03,239.0,28.54,25.93,1139,27.92,"$8,818.36","1,428.93",1,105,,,110,,,143,1,9,44,10,0,2,0
01-Nov-2021,STORE013,brookside,Central,Urban,Medium,271,184,137,111,60,39,11,247,0.9114,7189.8,233.0,29.11,39.08,756,32.67,"USD 5,421.15","$1,313.92",1,104,,,44,,,73,4,5,33 units,4,2,1,2
2021-04-01,STORE020, Central Tulsa ,central,Urban,Medium,267,218,175,126,61,38,12,286,1.0712,"$7,876.86",244.0,27.54,36.13,821,34.84,6242.26,"USD 1,621.67",2,95,,,68,,,88,5,8,25,4,0,0,1
01-Aug-2021,store_009,Peoria Area, South ,Neighborhood,Medium,292,168,138,126,50,19,10,217,0.7432,"USD 4,450.23",134.0,20.51,26.49,788,27.54,"$5,299.46",$558.37,3,73,,,47,,,67,7,4,26,5,4,0,2
01/01/2024,STORE017,Southwest Tulsa,south,Suburban,Medium,262,188,158,123,60,36,19,273,1.042,"USD 8,056.80",229.0,29.51,42.86,1127,24.22,"$5,926.22","USD 2,147.25",11,100,,,65,,,81,8,10,19,0,4,0,1
10/01/2023,store_012, Downtown ,Central,Urban,Large,301,264,220,205,78,31,15,344,1.1429,3498.17,166.0,10.17,13.25,1532,22.45,8482.42,2728.58,10,133,,,41 units,,,78,3,7,39,9,4,0,2
04/01/2025,STORE018,northeast tulsa,NORTH,Neighborhood,Small,233,154,106,95,28,9,14,157,0.6738,"3,531.43",132.0,22.49,22.93,581,27.02,"$4,862.95",982.66,10,71,,,20,,,35,5,2,18,3,3,2,0
2024-08-01,store_020, Central Tulsa , Central ,Urban,Medium,303,214,149,114,44,31,22,246,0.8119,"$5,742.96",160.0,23.35,26.84,1198,20.53,"4,670.40",USD 956.34,8,112,,,71,,,93,6,6,29,5,2,2,1
01-Sep-2025, STORE012 , Downtown ,CENTRAL,Urban,Large,336,329,216,168,78,44,14,352,1.0476,"9,087.71",259.0,25.82,27.62,1095,32.15,"8,811.80","1,703.88",3,118,,,90,,,99,1,14,18,8,3,4,1
2021-07-01,Store-014, Memorial Corridor , South ,High Traffic,Large,295,318,241,176,136,53,37,467,1.5831,"7,182.21",290.0,15.38,22.59,2433,19.19,"10,082.08","$2,759.19",10,144,,,47,,,93,2,12,49,12,3,2,0
08/01/2025, STORE003 ,south tulsa,SOUTH,Neighborhood,Small,262,112,99,83,42,23,5,169,0.645,3872.48,135.0,22.91,34.58,501,33.73,"3,041.80",1362.26,5,38,,,20,,,38,4,0,20,0,4,1,1
01-Sep-2022,STORE009,peoria area,SOUTH,Neighborhood,Medium,263,196,147,122,38,29,13,227,0.8631,3776.53,119.0,16.64,19.27,676,33.58,"5,217.79","USD 1,673.55",9,94,,,32,,,61,0,3,28,3,0,2,0
2025-04-01,Store-010,Suburban Edge,suburban,Suburban,Small,270,90,70,59,23,7,3,103,0.3815,2807.95,100.0,27.26,31.2,328,31.4,"2,362.85",761.04,8,32,,,13,,,19,6,1,9,3,5,1,3
Feb 01 2023,STORE008,ADMIRAL AREA,east,High Traffic,Large,290,406,248,205,75,67,15,405,1.3966,"$15,412.10",399.0,38.05,37.96,1307,30.99,"USD 11,680.95","USD 1,088.14",9,142,,,103,,,141,6,16,48,12,0,0,0
Jun 01 2025,Store-002,East Tulsa,East,Neighborhood,Medium,293,186,177,137,72,30,20,299,1.0205,"6,003.61",182.0,20.08,32.28,1171,25.53,"5,659.98","USD 1,482.13",7,110,,,60,,,81,9,10,28,7,1,1,1
Feb 01 2023,store_005,MIDTOWN,CENTRAL,Urban,Large,317,302,236,203,58,29,20,343,1.082,6889.57,232.0,20.09,22.81,1149,29.85,"7,266.95","2,137.52",9,153,,,83,,,101,2,8,24,2,2,1,1
Mar 01 2026,Store-001,NORTH TULSA,NORTH,High Traffic,Large,309,355,321,292,153,71,31,576,1.8641,"8,309.11",358.0,14.43,23.41,1759,32.75,"USD 16,437.20",1389.89,8,218,,,140,,,166,3,1,34,16,3,1,2
Jun 01 2022,STORE008,Admiral Area,EAST,High Traffic,Large,327 units,304,210,185,121,44,38,413,1.263,7566.72,272.0,18.32,24.89,2104,19.63,"USD 9,088.86","USD 2,051.73",2,176,,,50,,,70,7,6,28,5,2,1,2
08/01/2022,Store-007,Union Area,West,Neighborhood,Small,281,129,90,75,25,12,12,139,0.4947,3293.64,,23.7,25.53,510,27.25,"3,810.44",994.52,11,73,,,32,,,54,2,4,21,4,5,0,0
2021-01-01,STORE001, North Tulsa ,North,High Traffic,Large,319,353,269,229,79,58,37,443,1.3887,"10,326.10",379.0,23.31,29.25,1830,24.21,"9,956.66",3732.88,10,173,,,91,,,137,6,12,48,2,6,1,1
2022-07-01,store001,north tulsa,NORTH,High Traffic,Large,337,327,243,175,122,31,32,428,1.27,13703.35,370.0,32.02,41.91,2194,19.51,7975.82,1779.39,3,163,,,98,,,142,1,4,50,12,0,1,0
04/01/2026,STORE009,PEORIA AREA,south,Neighborhood,Medium,282,204,187,143,42,31,8,268,0.9504,"5,108.14",211.0,19.06,25.04,922,29.07,"USD 7,800.53","1,233.85",2,116,,,30,,,50,6,7,19,4,2,2,1
2022-12-01,Store-016, Industrial District ,WEST,Neighborhood,Small,229,116,88,81,27,18,4,137,0.5983,"$2,577.45",83.0,18.81,22.22,654,20.95,"USD 3,483.33",$927.57,5,57,,,13,,,18,1,0,7,3,2,0,0
01-Oct-2025,Store-010,SUBURBAN EDGE,SUBURBAN,Suburban,Small,264,72,54,45,20,7,2,83,0.3144,"$1,231.38",45.0,14.84,17.1,354,23.45,1638.4,$301.65,4,20,,,19,,,23,9,0,6,1,2,1,1
01/01/2025,STORE009,PEORIA AREA,south,Neighborhood,Medium,290,236,176,132,79,23,10,288,0.9931,"11,276.36",318.0,39.15,47.78,1483,19.42,"USD 5,584.73","$1,830.35",5,95,,,74 units,,,84,9,10,13,7,1,0,0
Jan 01 2025,store003,SOUTH TULSA,South,Neighborhood,Small,279,142,91,80,29,21,10,151,0.5412,"$4,756.05",138.0,31.5,33.49,470,32.13,4538.05,"USD 1,287.68",11,55 units,,,44,,,49,0,1,6,5,1,0,0
2024-11-01,store_020, Central Tulsa ,central,Urban,Medium,279,219,172,153,58,34,12,276,0.9892,"USD 6,545.41",199.0,23.72,29.89,890,31.01,"$6,070.77","1,238.38",8,67,,,68,,,99,9,4,35,0,3,0,0
03/01/2024,STORE011,airport area, East ,Retail Strip,Medium,280,342,247,195,99,41,29,416 units,1.4857,"USD 16,075.00",456.0,38.64,47.0,1596,26.07,8283.91,"USD 2,346.85",11,167,,,42,,,70,3,1,27,10,3,1,0
Sep 01 2021, STORE013 ,brookside,CENTRAL,Urban,Medium,295,193,127,118,33,33,13,206,0.6983,"2,919.06",129.0,14.17,15.12,611,33.72,"USD 5,312.00",1456.59,3,99,,,64,,,74,5,5,17 units,4,2,1,0
2022-11-01,store_011,airport area, East ,Retail Strip,Medium,287,231,143,103,68,32,14,257,0.8955,"$2,868.52",133.0,11.16,12.42,824,31.19,"USD 3,840.87","1,590.79",10,120,,,56,,,63,3,1,11,5,0,1,0
07/01/2021,STORE006,riverside,SOUTH,Retail Strip,Medium,263,273,180,132,52,28,28,288,1.0951,"USD 6,346.37",167.0,22.04,23.25,863,33.37,"$6,474.01",1700.87,11,76,,,82,,,85,1,6,13,6,0,0,1
Apr 01 2024,Store-014,Memorial Corridor,south,High Traffic,Large,319,437,390,318,135,61,32,618,1.9373,15973.27,576.0,25.85,36.55,2044,30.23,"$12,527.67","5,439.83",10,247,,,61,,,131,9,11,70,10,3,1,2
2023-03-01,store011, Airport Area ,EAST,Retail Strip,Medium,307,272,203,178,85,49,32,369,1.202,7707.71,216.0,20.89,28.34,2000,18.45,"$8,948.11","3,007.04",2,132,,,71,,,101,8,12,41,11,4,0,0
12/01/2023,store_014, Memorial Corridor ,SOUTH,High Traffic,Large,323,425,325,295,146,56,50,577,1.7864,"$9,570.32",246.0,16.59,22.52,1778,32.45,"14,726.09","3,639.37",10,213,,,56 units,,,110,1,2,53,8,4,0,0
05/01/2021,Store-011,Airport Area, East ,Retail Strip,Medium,307,243,212,198,77,39,12,340,1.1075,7571.88,282.0,22.27,31.16,1085,31.34,"USD 11,051.67","1,742.53",8,84,,,72,,,84,5,2,22,0,1,1,1
May 01 2026,Store-017,Southwest TLSA,South,Suburban,Medium,274,170,140,111,46,32,13,231,0.8431,4858.34,151.0,21.03,28.58,834,27.7,"USD 5,378.41",1563.68,9,74,,,52,,,65,4,9,12,0,2,0,2
Oct 01 2021,Store-002,East TLSA,east,Neighborhood,Medium,252,159,121,113,32,16,5,174,0.6905,"2,088.69",99.0,12.0,13.14,863,20.16,"5,608.03",1084.43,0,55,,,47,,,58,6,7,14,4,1,1,0
May 01 2024,Store-017,Southwest Tulsa,south,Suburban,Medium,255,195,118,102,53,22,11,204,0.8,"$5,005.38",172.0,24.54,25.67,1120,18.21,"3,585.78","USD 1,457.96",10,72,,,36,,,57,5,8,23,1,1,1,1
Sep 01 2022,store015, University Area ,central,Student Area,Small,228,161,118,96,42,26,9,195,0.8553,"USD 6,588.14",213.0,33.79,40.92,578,33.74,"USD 4,478.93","USD 1,468.37",9,52,,,40,,,48,0,4,13,0,2,4,1
2022-01-01,STORE012,DOWNTOWN,central,Urban,Large,334,275,236,203,109,48,22,415,1.2425,"5,302.07",151.0,12.78,19.28,1682,24.67,"9,184.46",1631.78,11,124,,,89,,,130,6,9,37,11,2,0,1
Apr 01 2021, STORE010 ,suburban edge,Suburban,Suburban,Small,229,82,57,46,17,9,6,89,0.3886,"2,711.98",110.0,30.47,33.07,318 units,27.99,2568.67,518.31,11,44 units,,,23,,,26,2,1,5,0,1,0,1
07/01/2021,Store-012,downtown,central,Urban,Large,303,230,166,124,54,33,18,271,0.8944,"$5,832.88",149.0,21.52,25.36,1256,21.58,"$6,608.87","2,253.16",1,107,,,38,,,60,9,8,27,2,2,2,2
Apr 01 2022,store_001,north tulsa,North,High Traffic,Large,335,390,231,198,71,24,30,356,1.0627,"10,977.19",497.0,30.83,28.15,1761,20.22,7448.55,"2,429.62",4,153,,,82,,,92,9,4,17,6,2,1,3
Jan 01 2025,store_015,UNIVERSITY AREA,central,Student Area,Small,251 units,238,171,147,63,19,20,273,1.0876,"$8,278.05",223.0,30.32,34.78,1308,20.87,"5,585.00",USD 915.14,1,90,,,57 units,,,82,6,7,22,3,4,1,2
2022-05-01,store_007, Union Area ,west,Neighborhood,Small,268,174,126,108,56,16,13,211,0.7873,5315.86,152.0,25.19,30.55,689,30.62,5429.45,"$1,360.68",9,83,,,24,,,30,3,4,8 units,2,2,3,4
May 01 2024,store003,south tulsa,South,Neighborhood,Small,255,113,97,86,43,9,11,160,0.6275,"USD 1,668.28",74.0,10.43,14.76,565,28.32,"3,324.92",718.09,0,55,,,18,,,28,9,0,10,3,4,1,2
Feb 01 2025,store_006,RIVERSIDE, South ,Retail Strip,Medium,297,268,191,159,79,54,35,359,1.2088,"USD 8,483.58",233.0,23.63,31.66,1171,30.66,5702.45,"2,676.76",0,137,,,96,,,128,2,13,45,4,3,2,1
01-Jan-2023,store020, Central Tulsa ,central,Urban,Medium,288,239,197,169,56,17,23,293,1.0174,5734.99,194.0,19.57,24.0,1019,28.75,"$9,782.92","$2,261.36",3,107,,,76,,,79,1,2,11,9,1,0,0
06/01/2024,STORE004,west tulsa,west,Retail Strip,Medium,304,238,174,144,59,18,15,266,0.875,5571.83,265.0,20.95,23.41,1093,24.34,"USD 6,236.35","$1,469.21",7,136,,,78,,,104,2,6,37,6,3,1,2
2022-07-01,store_005,MIDTOWN,Central,Urban,Large,304 units,332 units,227,212,104,31,34,396,1.3026,9219.39,376.0,23.28,27.77,1457,27.18,"10,507.40","USD 2,085.36",7,87,,,52,,,87,3,10,44,11,3,1,2
01/01/2023, STORE016 , Industrial District ,West,Neighborhood,Small,232,91,63,46,15,8,6,92,0.3966,"USD 3,975.49",101.0,43.21,43.69,282,32.62,"$1,964.27",786.53,1,29,,,28,,,40,7,4,13,0,2,1,2
Mar 01 2026,store_010,Suburban Edge,suburban,Suburban,Small,246,105,58,52,30,12,4,104,0.4228,3882.7,125.0,37.33,36.98,397,26.2,"2,956.02",$307.25,4,33,,,28,,,38,3,1,11,2,3,0,0
May 01 2022,store_019, Retail Plaza ,Suburban,Retail Strip,Medium,269,309,225,205,69,29,24,347,1.29,"$10,431.47",301.0,30.06,33.76,1096,31.66,"8,463.82","$2,656.59",2,118,,,86,,,106,9,8,32,1,2,0,3
Oct 01 2022, STORE002 , East Tulsa ,East,Neighborhood,Medium,271,141,106,94,35,22,9,172,0.6347,3475.02,145.0,20.2,24.65,571,30.12,"USD 4,623.37",1118.71,6,59,,,30,,,51,5,6,19,6,3,0,0
09/01/2021,store005,Midtown,Central,Urban,Large,295,261 units,190,161,74,40,27,331 units,1.122,"USD 3,776.12",170.0,11.41,14.47,1048,31.58,"7,256.63","USD 2,088.11",3,119,,,47,,,85,8,12,38,10,3,1,1
02/01/2021,store_009,peoria area, South ,,Medium,280,191,115,83,37,29,17,198,0.7071,"$5,503.68",184.0,27.8,28.82,960,20.62,"USD 3,060.84","$1,372.42",11,88,,,27,,,46,9,7,18,0,3,2,1
02/01/2023,STORE017,Southwest Tulsa,South,Suburban,Medium,272,156,116,85,62,12,16,206,0.7574,"3,742.74",149.0,18.17,23.99,594,34.68,"USD 4,035.36","USD 1,243.03",3,67,,,21,,,39,3,0,22,2,1,2,3
2021-10-01, STORE014 ,MEMORIAL CORRIDOR,SOUTH,High Traffic,Large,296,365 units,236,181,73,36,14,359,1.2128,6768.88,229.0,18.85,18.54,1377,26.07,"9,381.84",1720.09,9,147,,,99,,,131,7,0,45,6,5,0,2
2025-02-01,Store-003,south tulsa,South,Neighborhood,Small,239,117,76,68,43,11,5,135,0.5649,"$2,664.68",102.0,19.74,22.78,534,25.28,2911.25,295.9,6,64,,,37,,,46,9,3,14,2,2,2,1
2025-04-01,store012,Downtown,CENTRAL,Urban,,297,386,228,194,124,51,42,445,1.4983,"5,060.96",212.0,11.37,13.11,1315,33.84,"$9,511.73","USD 1,655.02",8,124,,,134,,,179,3,13,52,4,4,2,0
01-Sep-2021,Store-010, Suburban Edge ,Suburban,Suburban,Small,273,61,48,42,10,9,6,73,0.2674,"1,899.27",54.0,26.02,31.14,247,29.55,"$1,892.01",441.86,4,27,,,8,,,13,6,0,6,2,4,0,2
Sep 01 2024,store003,South Tulsa,south,Neighborhood,Small,265,105,61,50,36,18,5,120,0.4528,"USD 2,174.71",74.0,18.12,20.71,448,26.79,"1,766.77",$820.71,11,45,,,33,,,46,6,2,13,3,1,1,2
09/01/2023,store_013, Brookside ,Central,Urban,Medium,287,213,132,120,37,28,22,219,0.7631,5613.13,211.0,25.63,26.35,891,24.58,"$4,223.60",953.48,6,65,,,24,,,37,4,4,15,3,2,1,2
01-Sep-2021,store014,memorial corridor,south,High Traffic,,294,325,226,205,90,55,15,386,1.3129,"$12,607.76",393.0,32.66,38.79,1131,34.13,"$10,086.87","$1,723.21",7,184,,,42,,,92,3,2,50,12,3,0,1
Feb 01 2023,store_019,retail plaza,SUBURBAN,Retail Strip,Medium,256,240,203,173,51,38,17,309,1.207,"USD 5,119.54",,16.57,21.33,1623,19.04,7561.38,"USD 2,005.07",11,152,,,87,,,125,6,9,40,3,2,2,0
2025-07-01,store_011,airport area,East,Retail Strip,Medium,251,316,190,177,102,31,15,338,1.3466,"USD 5,848.09",268.0,17.3,18.51,1751,19.3,10159.6,"2,200.38",8,89,,,55,,,84,1,3,35,6,5,2,1
Aug 01 2024,store_014,Memorial Corridor,South,High Traffic,Large,303,375,258,241,137,54,28,477,1.5743,"USD 8,584.16",258.0,18.0,22.89,2086,22.87,8810.95,2849.64,10,218,,,56,,,100,4,0,46,9,4,2,1
01-Jan-2023,store012,Downtown,Central,Urban,Large,298,328,293,253,122,66,41,522,1.7517,4525.62,198.0,8.67,13.8,1528,34.16,12504.39,"USD 3,327.84",6,129,,,99,,,122,4,17,18,11,2,0,0
01-Apr-2021, STORE014 ,Memorial Corridor,south,High Traffic,Large,330,462,302,223,69,43,23,437,1.3242,"$11,336.73",439.0,25.94,24.54,1859,23.51,12113.75,"3,300.85",11,122,,,58,,,94,6,14,43,4,2,1,1
2024-07-01,store003,SOUTH TULSA,SOUTH,Neighborhood,Small,252,132,75,66,38,15,11,139,0.5516,"$4,535.71",164.0,32.63,34.36,403,34.49,"2,386.19",468.5,10,59,,,42,,,48,0,0,10,0,3,2,1
01-Jun-2023, STORE008 ,Admiral Area,EAST,High Traffic,Large,300,406,309,275,133,70,15,527,1.7567,"USD 11,342.30",322.0,21.52,27.94,1962,26.86,"15,451.03","$1,172.71",10,212,,,108,,,149,3,9,52,11,0,1,1
01/01/2025, STORE006 ,Riverside,South,Retail Strip,Medium,279,329,295,276,63,33,17,408,1.4624,"8,627.94",384.0,21.15,26.22,1369,29.8,"$15,787.83","USD 1,691.94",10,131 units,,,49,,,84,9,2,45,3,1,1,0
2023-09-01, STORE018 ,northeast tulsa,NORTH,Neighborhood,Small,251,102,73,68,34,16,6,129,0.5139,"$4,246.27",128.0,32.92,41.63,610,21.15,3729.43,834.51,6,55,,,16,,,23,1,4,9,3,4,1,1
12/01/2021,Store-015,university area,central,Student Area,Small,235,178,146,107,45,17,8,216,0.9191,"$5,197.92",210.0,24.06,29.2,1114,19.39,5852.87,1736.89,1,64,,,43,,,70,3,3,27,3,2,3,0
01/01/2024,Store-013,Brookside,CENTRAL,Urban,Medium,282,255,220,158,83,26,30,359,1.273,"7,244.63",264.0,20.18,28.41,1182,30.37,"8,327.65","2,392.55",8,146,,,94,,,101,6,7,18,6,3,1,2
Nov 01 2021,store_015,University Area,Central,Student Area,Small,242,165,141,113,55,12,6,214,0.8843,4493.69,182.0,21.0,27.23,712 units,30.06,"5,815.60","1,034.38",10,95,,,20,,,45,4,3,26,4,3,1,3
Sep 01 2021,STORE003, South Tulsa ,SOUTH,Neighborhood,Small,261,100,59,43,16,17,3,95,0.364,"USD 2,443.13",81.0,25.72,24.43,272,34.93,2060.32,304.47,11,49,,,12,,,16,4,1,6,2,8,1,1
01-Jul-2021,STORE013,Brookside, Central ,Urban,Medium,257,224,140,125,61,19,21,241,0.9377,11110.49,290.0,46.1,49.6,687,35.08,4472.39,"$1,044.22",10,84,,,60,,,73,8,10,21,1,2,2,1
Jan 01 2025,store008, Admiral Area ,east,High Traffic,Large,333,474,358,326,152,78,33,621,1.8649,"USD 9,315.22",341.0,15.0,19.65,1737,35.75,"14,871.71","4,577.38",2,136,,,119,,,156,1,6,52,15,3,2,0
01-Dec-2025, STORE020 ,Central TLSA, Central ,Urban,Medium,259,242,190,165,96,26,27,339,1.3089,"8,355.40",271.0,24.65,34.53,1307,25.94,"USD 7,639.11","USD 1,793.77",11,80,,,42,,,58,4,2,20,2,2,1,1
08/01/2025, STORE003 ,south tulsa,SOUTH,Neighborhood,Small,262,112,99,83,42,23,5,169,0.645,3872.48,135.0,22.91,34.58,501,33.73,"3,041.80",1362.26,5,38,,,20,,,38,4,0,20,0,4,1,1
01-Oct-2021,STORE006,Riverside,South,Retail Strip,Medium,271 units,249,169,128,77,17,18,281,1.0369,"$6,887.15",234.0,24.51,27.66,1127,24.93,"5,317.12",815.03,11,103,,,66,,,93,4,7,30,8,3,1,2
2021-03-01,store_002,EAST TULSA, East ,Neighborhood,Medium,290,168,132,120,61,11,6,210,0.7241,"USD 4,784.55",171.0,22.78,28.48,919,22.85,"$6,242.77",901.11,2,50,,,43,,,61,7,0,18,6,4,0,1
2023-11-01,STORE013,Brookside,central,Urban,Medium,265,219,193,154,41,40,21,295,1.1132,"USD 6,880.55",191.0,23.32,31.42,930,31.72,"USD 5,500.35","2,261.80",5,114,,,82,,,115,0,6,33,2,3,0,2
Jun 01 2021,Store-009, Peoria Area , South ,Neighborhood,Medium,280,167,143,112,41,11,6,201,0.7179,3950.42,121.0,19.65,23.66,746,26.94,"USD 5,396.57",1030.39,11,92,,,63,,,70,5,5,9,0,2,0,0
2021-02-01,store019,retail plaza, Suburban ,Retail Strip,Medium,280,229 units,155,116,47,41,22,265,0.9464,"9,072.63",230.0,34.24,39.62,900,29.44,4640.61,"$2,308.41",6,79,,,42,,,63,0,3,28,6,6,0,3
May 01 2023,store009,peoria area,South,,Medium,302,203,138,128,56,25,12,231,0.7649,5255.49,170.0,22.75,25.89,650,35.54,"5,311.94",597.05,3,105,,,35,,,47,0,0,11,5,2,1,1
2026-02-01, STORE010 ,Suburban Edge,Suburban,Suburban,Small,250,66,64,50,14,6,6,90 units,0.36,1667.39,60.0,18.53,25.26,426,21.13,"$2,385.11",USD 413.59,11,34,,,19,,,24,4,0,6,2,3,0,0
Nov 01 2025, STORE020 ,Central Tulsa, Central ,Urban,Medium,289,251,147,128,41,30,20,238,0.8235,"6,263.12",193.0,26.32,24.95,812,29.31,"USD 6,061.35","2,003.81",6,129 units,,,27,,,41,9,3,17,5,0,1,4
05/01/2026,STORE010,Suburban Edge,SUBURBAN,Suburban,Small,270,70,50,41,27,14,2,93,0.3444,"2,038.00",60.0,21.91,29.11,323,28.79,"USD 1,500.75",$224.71,7,22,,,13,,,20,9,0,7,1,3,0,1
Jan 01 2023,store_004, West Tulsa ,west,Retail Strip,Medium,300,264 units,159,136,77,37,28,301,1.0033,5376.68,181.0,17.86,20.37,1029,29.25,"$5,121.51",733.43,9,103,,,88,,,97,7,12,12,5,1,1,0
2022-12-01,STORE009,Peoria Area,South,Neighborhood,Medium,260,208,138,108,59,19,15,231,0.8885,"$6,477.31",221.0,28.04,31.14,1003,23.03,"$5,631.32",1138.1,9,118,,,57,,,84,9,2,24 units,3,1,2,3
2021-02-01,Store-005,midtown, Central ,Urban,Large,315,271,193,147,103,49,20,365,1.1587,"10,059.02",320.0,27.56,37.12,1017,35.89,"$5,493.59",1255.03,6,145,,,59,,,75,7,7,24,6,2,1,1
May 01 2024,STORE018, Northeast Tulsa ,North,Neighborhood,Small,225,124,93,77,46,12,11,162,0.72,"USD 2,713.89",92.0,16.75,21.89,637,25.43,3650.4,907.09,7,64,,,22,,,36,8,0,14,0,4,2,1
2024-07-01,store003,SOUTH TULSA,SOUTH,Neighborhood,Small,252,132,75,66,38,15,11,139,0.5516,"$4,535.71",164.0,32.63,34.36,403,34.49,"2,386.19",468.5,10,59,,,42,,,48,0,0,10,0,3,2,1
Nov 01 2024,store_019,RETAIL PLAZA,suburban,Retail Strip,Medium,307,246,164,130,91,29,13,297,0.9674,"USD 11,264.95",,37.93,45.79,1154,25.74,"6,902.94",2508.98,7,106,,,73,,,104,4,12,32,3,2,0,0
2025-09-01, STORE015 ,University Area,CENTRAL,Student Area,Small,271,190,141,118,40,21,17,219,0.8081,8329.9,237.0,38.04,43.84,674,32.49,5870.94,"1,646.21",10,69,,,45,,,70,3,3,30,5,1,0,1
01-Jul-2022,Store-007,union area, West ,Neighborhood,Small,245,176,108,83,64,20,7,199,0.8122,"$5,573.91",,28.01,31.67,921,21.61,"3,199.44",USD 789.15,0,83,,,55,,,61,1,1,13,7,2,2,2
02/01/2023,STORE006,Riverside,SOUTH,Retail Strip,Medium,272,317,212,171,86,55,25,378,1.3897,"$7,071.07",292.0,18.71,22.31,1172,32.25,6847.0,"$1,290.93",6,88,,,106,,,130,0,1,21,7,3,3,1
Mar 01 2026,Store-015, University Area ,central,Student Area,Small,227,211,165,123,72,18,16,271,1.1938,4084.87,181.0,15.07,19.36,1119,24.22,"4,521.05",2317.19,0,56,,,32,,,41,1,1,13,7,3,1,0
08/01/2022, STORE004 , West Tulsa , West ,Retail Strip,Medium,303,211,169,122,77,26,24,296,0.9769,"USD 4,322.10",195.0,14.6,20.48,1116,26.52,"4,996.77","$1,195.36",7,87,,,56,,,71,1,7,22,2,3,4,1
01-Jan-2024, STORE015 ,University Area, Central ,Student Area,Small,270,258,188,139,45,41,16,290,1.0741,"$9,315.75",338.0,32.12,36.11,885,32.77,"7,526.78","USD 2,356.72",0,129,,,42,,,74,8,11,34,5,5,0,0
2023-12-01,store018,NORTHEAST TULSA, North ,Neighborhood,Small,248,138,90,82,31,19,4,144,0.5806,"$2,249.98",101.0,15.62,16.3,596,24.16,"$2,943.53",954.26,11,45,,,44,,,58,1,5,12,5,1,1,0
01-Dec-2025,store014,MEMORIAL CORRIDOR, South ,High Traffic,Large,315,453,389,345,119,49,47,604,1.9175,8903.82,286.0,14.74,19.66,3000,20.13,"USD 14,330.44","2,654.88",2,149,,,59,,,82,4,7,22,14,4,1,1
01-Nov-2022,STORE015, University Area ,CENTRAL,Student Area,Small,236,170,153,129,34,27,19,233,0.9873,3019.12,109.0,12.96,17.76,837,27.84,"USD 5,860.44","$1,855.42",8,62,,,22,,,45,1,9,26,5,2,4,0
02/01/2022,Store-005,Midtown,Central,Urban,Large,306,306,223,189,105,23,34,385,1.2582,"4,394.53",193.0,11.41,14.36,1602,,10513.75,"$2,495.12",6,144,,,90,,,120,0,8,26,11,5,2,2
2024-12-01,Store-007,Union Area,West,Neighborhood,Small,233 units,184,109,97,50,19,18,196,0.8412,"4,542.10",200.0,23.17,24.69,1033,18.97,"5,076.00",USD 742.68,10,96,,,51,,,74,3,1,23,3,3,1,1
Dec 01 2021,STORE013,Brookside, Central ,Urban,Medium,307,280,201,188,89,41,26,357,1.1629,7293.35,324.0,20.43,26.05,1748,20.42,7294.77,"2,086.20",2,97,,,51,,,68,5,4,22,1,3,2,0
Nov 01 2022,store_005,MIDTOWN,Central,Urban,Large,309,326,216,173,87,19,32,354,1.1456,"USD 12,132.12",357.0,34.27,37.22,1394,25.39,"$7,977.01","$2,042.74",9,146,,,50,,,91,3,5,47,4,1,3,2
01-Aug-2022, STORE016 , Industrial District ,West,Neighborhood,Small,240,88,58,53,14,16,6,94,0.3917,"USD 3,949.90",106.0,42.02,44.89,275,34.18,"$2,496.07",556.87,8,34,,,20,,,27,2,0,10,0,1,2,1
11/01/2024,store007,Union Area,West,Neighborhood,Small,281,116,90,66,50,10,15,165,0.5872,"$2,289.11",65.0,13.87,19.73,695,23.74,2351.17,"1,397.83",7,67,,,48,,,61,7,0,11,2,2,1,3
01-Sep-2021,STORE017,southwest tulsa,SOUTH,Suburban,Medium,298,160,118,100,35,25,12,190,0.6376,5000.63,140.0,26.32,31.25,877,21.66,"USD 5,242.81","1,533.08",7,71,,,40,,,63,9,1,23,5,3,4,0
01/01/2021,store_019, Retail Plaza ,suburban,Retail Strip,Medium,284,236,152,122,68,32,15,267 units,0.9401,"USD 4,946.14",181.0,18.52,20.96,1240,21.53,"USD 5,727.69","$1,339.69",9,69,,,49,,,63,3,8,18,0,2,3,1
2025-11-01,Store-017,Southwest TLSA,South,Suburban,Medium,258,213,133,117,35,36,16,220,0.8527,8083.05,219.0,36.74,37.95,962,22.87,"4,242.90","1,354.62",9,68,,,32,,,44,7,9,13,2,2,1,0
01-Aug-2025,store009,PEORIA AREA, South ,Neighborhood,Medium,291,190,129,97,57,27,14,227,0.7801,"$5,420.44",145.0,23.88,28.53,879,25.82,"$3,832.31","$1,480.88",11,106,,,26,,,50,3,6,23,4,7,0,0
2026-04-01,STORE020,Central TLSA,Central,Urban,Medium,252,303,227,208,74,26,9,336,1.3333,"$9,299.98",257.0,27.68,30.69,1727,19.46,"8,982.55","1,006.90",2,118,,,89,,,134,0,8,40,5,1,2,0
01-Sep-2024, STORE019 , Retail Plaza ,Suburban,Retail Strip,Medium,283,235,146,129,73,15,24,258,0.9117,"$9,336.82",255.0,36.19,39.73,731,35.29,6417.65,1576.49,1,87,,,57,,,80,6,7,27,5,2,1,1
2023-06-01,Store-016,INDUSTRIAL DISTRICT,west,Neighborhood,Small,227,112,61,45,34,16,5,116,0.511,"$3,179.39",88.0,27.41,28.39,638,18.18,"1,774.15",960.92,10,37,,,15,,,23,2,1,8,1,2,1,1
2021-04-01,STORE002,EAST TULSA,east,Neighborhood,Medium,268,155,117,100,45,31,13,206,0.7687,"USD 4,364.11",159.0,21.18,28.16,771,26.72,4821.96,983.95,3,78,,,54,,,61,3,5,14,6,4,1,1
Feb 01 2022,store_013,brookside,CENTRAL,Urban,Medium,308,215,168,126,55,28,18,269,0.8734,"$3,937.06",147.0,14.64,18.31,1227,21.92,6887.45,621.50,9,117,,,49,,,63,3,0,12,4,0,4,2
Jul 01 2025,STORE006, Riverside ,south,Retail Strip,Medium,272,301,187,140,105,19,32,343,1.261,7830.97,314.0,22.83,26.02,970,35.36,6026.45,1471.2,8,163,,,58,,,88,1,5,29,9,3,4,2
04/01/2026,store001,north tulsa,north,High Traffic,Large,291,363,306,262,61,39,42,448,1.5395,"USD 11,110.76",455.0,24.8,30.61,1474,30.39,9543.39,"USD 2,824.72",7,172,,,117,,,147,4,12,27,14,3,0,0
01-Feb-2022,STORE019,retail plaza,Suburban,Retail Strip,Medium,284,236,146,117,54,21,21,242,0.8521,5970.52,194.0,24.67,25.3,774,31.27,4823.83,1192.63,10,81,,,83,,,106,8,3,32,5,4,3,1
May 01 2025,store_002, East Tulsa ,EAST,Neighborhood,Medium,285,246,196,184,64,22,27,309,1.0842,"USD 8,510.98",221.0,27.54,34.6,1099,28.12,"$10,119.25","USD 1,978.22",4,119,,,70,,,92,4,7,24,6,4,3,0
11/01/2023,store_015,University Area,CENTRAL,Student Area,Small,230,156,123,92,30,29,6,188,0.8174,"6,158.75",168.0,32.76,39.48,583,32.25,3756.55,546.35,5,74,,,26,,,53,3,0,28,0,1,2,2
Jul 01 2022,store_009,Peoria Area,south,Neighborhood,Medium,257,220,139,118,46,27,16,228,0.8872,6969.52,240.0,30.57,31.68,641,35.57,"USD 5,994.83",USD 641.82,2,107,,,49,,,83,6,11,34,2,1,1,0
01-Feb-2026,STORE016,industrial district,WEST,Neighborhood,Small,237,127,71,63,36,18,7,132,0.557,"USD 4,447.60",144.0,33.69,35.02,557,23.7,"3,321.14","$1,066.08",6,36,,,22,,,37,0,4,14,2,5,0,1
02/01/2021,store_017,Southwest Tulsa,SOUTH,Suburban,Medium,279,143,124,93,51,10,18,203,0.7276,"$2,766.35",131.0,13.63,19.35,608,33.39,"3,307.59",$452.01,9,67,,,27,,,53,4,8,26,5,2,2,1
01-Jan-2024,Store-016,Industrial District,West,Neighborhood,Small,239,130,78,65,31,13,4,126,0.5272,3166.44,101.0,25.13,24.36,447,28.19,"USD 2,439.63",1108.25,3,40 units,,,21,,,29,6,0,7,1,4,0,1
2025-12-01,Store-012,Downtown,CENTRAL,Urban,Large,298,296,214,172,53,34,12,313,1.0503,"12,515.46",393.0,39.99,42.28,919,34.06,"8,719.87",1810.07,0,115,,,88,,,118,2,4,43,1,1,1,1
Oct 01 2023, STORE003 ,SOUTH TULSA, South ,Neighborhood,Small,261,100,77,60,18,18,10,123,0.4713,"2,718.75",95.0,22.1,27.19,392,31.38,"USD 3,467.20",$468.86,8,49,,,36,,,45,0,3,14,1,4,0,1
Sep 01 2024,store015,UNIVERSITY AREA,central,Student Area,Small,266,186,126,110,32,23,20,201,0.7556,5477.63,232.0,27.25,29.45,996,20.18,"$5,454.40","1,097.37",4,64,,,42,,,47,9,0,8,2,4,1,0
01-Jan-2025,STORE004,West TLSA,west,Retail Strip,Medium,291,339,236,211,83,55,24,398,1.3677,"$12,294.79",328.0,30.89,36.27,1213,32.81,"10,606.89","3,139.88",4,177,,,95 units,,,117,9,9,23,6,3,2,1
01-Apr-2023,store008, Admiral Area , East ,High Traffic,,314,426,332,277,107,70,41,550,1.7516,"USD 20,627.58",528.0,37.5,48.42,2578,21.33,"USD 13,528.65","3,343.48",0,141,,,49,,,79,3,17,30,2,4,0,0
2025-06-01,store_011,AIRPORT AREA,East,Retail Strip,Medium,290,254,192,169,75,45,17,329 units,1.1345,"6,076.65",251.0,18.47,23.92,949 units,34.67,"6,956.84",940.49,2,69,,,85,,,119,1,11,29,0,3,1,1
2023-11-01,STORE009,Peoria Area,South,Neighborhood,Medium,267,185,124,108,67,30,10,231,0.8652,"USD 6,793.10",214.0,29.41,36.72,1026,22.51,"$4,542.90",516.86,5,90,,,41,,,56,1,6,21,2,4,1,0
01-Jan-2024,STORE019,retail plaza,suburban,Retail Strip,Medium,255 units,276,229,174,98,32,20,379,1.4863,11172.22,340.0,29.48,40.48,1651,22.96,"USD 6,299.15","1,162.73",0,160,,,55,,,92,9,1,35,2,1,0,4
2021-10-01,Store-012,downtown, Central ,Urban,Large,334,284,208,183,51,29,17,305,0.9132,,375.0,42.4,45.53,847,36.01,"$7,388.15","1,533.93",7,105,,,66,,,85,2,11,20,6,6,2,1
01-Nov-2022, STORE017 , Southwest Tulsa , South ,Suburban,Medium,296,189,120,106,52,14,10,196,0.6622,"USD 8,422.67",247.0,42.97,44.56,867,22.61,"$4,515.89","$1,331.37",10,66,,,36,,,48,6,1,11,3,2,0,1
08/01/2022,STORE014,Memorial Corridor, South ,High Traffic,Large,339,394,221,195,106,59,33,419,1.236,7277.85,255.0,17.37,18.47,1869,22.42,"$7,868.32","1,069.89",4,96,,,113 units,,,143,9,12,27,13,4,1,1
01-Oct-2023,Store-016,industrial district,west,Neighborhood,Small,281,90,52,40,29,16,4,101,0.3594,"USD 1,562.80",52.0,15.47,17.36,440,22.95,"1,498.76",USD 434.61,7,47,,,10,,,15,4,1,6,0,1,1,0
Mar 01 2024,Store-001,North TLSA,north,High Traffic,Large,299,424,283,227,148,53,28,512 units,1.7124,16307.49,565.0,31.85,38.46,1650,31.03,"USD 8,838.20","USD 3,638.00",8,192,,,107,,,122,8,0,29,1,5,5,2
Oct 01 2021,store005,Midtown,central,Urban,Large,295,281,202,178,83,29,25,339,1.1492,"5,763.01",161.0,17.0,20.51,1275,26.59,"9,975.81",2002.81,10,93,,,65,,,84,4,12,27,10,3,1,3
2024-01-01,Store-009,Peoria Area,SOUTH,Neighborhood,Medium,260,258 units,162,146,90,18,11,281,1.0808,7389.92,229.0,26.3,28.64,789,35.61,"USD 5,201.33","1,415.12",3,77,,,50,,,77,5,8,30,3,4,1,0
Sep 01 2022, STORE020 ,CENTRAL TULSA,central,Urban,Medium,253,189,123,112,42,22,7,194,0.7668,3918.5,168.0,20.2,20.73,811,23.92,"USD 4,179.27","USD 1,261.23",11,58,,,28,,,48,3,4,19,7,4,1,2
2022-07-01,store_016,INDUSTRIAL DISTRICT,West,Neighborhood,Small,283,84,53,49,15,8,4,80,0.2827,2873.61,74.0,35.92,34.21,368,21.74,"2,557.86",$407.24,10,27,,,16,,,24,2,2,8,3,2,0,2
2022-09-01,store013,BROOKSIDE,central,Urban,Medium,260,177,157,126,54,23,8,242,0.9308,5262.01,176.0,21.74,29.73,1071,22.6,5701.75,"$1,716.62",8,52,,,30,,,56,0,9,29,0,1,0,0
2021-04-01,STORE015, University Area , Central ,Student Area,Small,282,169,112,92,32,26,21,191,0.6773,"$4,168.30",108.0,21.82,24.66,965,19.79,3343.42,"1,623.50",11,101,,,43,,,62,1,8,18,4,2,1,1
2026-03-01,store_017, Southwest Tulsa , South ,Suburban,Medium,309,205,135,110,66,17,19,237,0.767,,254.0,38.88,44.94,1020,23.24,"USD 5,600.01","$1,012.22",9,64,,,29,,,54,4,8,28,0,0,1,2
2025-05-01,store013,brookside,Central,Urban,Medium,302,314,205,181,59,42,23,329,1.0894,"USD 6,828.81",180.0,20.76,21.75,975,33.74,"$9,787.03","2,281.78",11,173,,,74,,,99,0,0,22,4,3,0,2
Feb 01 2023,Store-001,North Tulsa,NORTH,High Traffic,Large,299,352,258,235,77,61,22,418,1.398,"USD 8,889.79",378.0,21.27,25.26,1434,29.15,"10,522.45","2,015.50",3,168,,,106,,,131,6,8,26,5,3,1,1
01-Jun-2024, STORE006 ,Riverside,south,Retail Strip,Medium,267,317,235,177,53,33,32,353,1.3221,"USD 4,444.14",190.0,12.59,14.02,998,35.37,9564.55,"2,653.66",6,142,,,75,,,97,0,8,27,9,1,0,1
2025-03-01,STORE008, Admiral Area ,east,High Traffic,Large,333,417,337,257,122,37,25,521,1.5646,"USD 9,262.78",430.0,17.78,22.21,2326,22.4,"USD 11,883.89","USD 3,322.01",4,171,,,55,,,98,0,4,46,10,5,0,1
01-Jul-2023,store_017,southwest tulsa,south,Suburban,Medium,285,153,108,84,46,10,18,182,0.6386,"$5,662.98",200.0,31.12,37.01,556,32.73,3103.86,"$1,204.03",7,77,,,60,,,72,2,1,13,5,2,1,1
2021-06-01, STORE015 ,University Area,central,Student Area,Small,222,180,117,107,62,30,19,228,1.027,"6,105.16",205.0,26.78,33.92,654,,"$4,693.69",USD 992.89,4,102,,,63,,,86,1,2,25,6,3,1,1
09/01/2022,store_018,Northeast TLSA,North,Neighborhood,Small,234,123 units,102,95,30,11,7,150,0.641,"$4,607.48",143.0,30.72,37.46,604,24.83,"5,129.49",842.96,5,68,,,41,,,48,8,2,7,2,1,2,1
2023-07-01,STORE002, East Tulsa ,east,Neighborhood,Medium,287,168,116,94,38,30,18,202,0.7038,"$7,125.90",211.0,35.28,42.42,1038,19.46,"4,549.12","$1,682.17",5,81,,,27,,,32,0,0,8,2,3,2,1
01-Jul-2023,Store-005, Midtown , Central ,Urban,Large,294,288,246,225,90,44,30,410,1.3946,"7,363.37",235.0,17.96,25.57,1362,30.1,"7,941.56",3346.62,3,111,,,69,,,94,7,15,31,12,0,1,2
May 01 2026, STORE005 ,MIDTOWN,CENTRAL,Urban,Large,309,399,302,279,106,25,20,453,1.466,"USD 8,512.57",336.0,18.79,21.33,1285,35.25,"14,455.59","$1,776.32",3,179,,,47,,,105,6,19,62,7,4,1,1
May 01 2021,STORE010, Suburban Edge , Suburban ,Suburban,Small,269,92,59,43,19,7,8,93,0.3457,"USD 3,003.19",118.0,32.29,32.64,445,20.9,"$2,220.58",USD 550.61,5,45,,,30,,,39,6,4,8,0,4,2,1
07/01/2024, STORE009 , Peoria Area , South ,Neighborhood,Medium,288,243,173,133,81,31,18,303,1.0521,3265.94,147.0,10.78,13.44,1336,22.68,"$7,512.77","$1,463.37",2,66,,,41,,,70,4,9,33,4,0,3,1
Feb 01 2026,store_003,South Tulsa, South ,Neighborhood,Small,281,124,73,61,23,12,6,114,0.4057,4655.17,117.0,40.83,37.54,405,28.15,"USD 2,797.91",296.26,4,54,,,22 units,,,25,0,3,6,0,2,1,0
01-May-2026,store004,west tulsa, West ,Retail Strip,Medium,276,246,212,182,56,38,21,327,1.1848,7853.8,328.0,24.02,31.93,1001,32.67,"6,761.34","2,803.70",6,108,,,78,,,106,8,2,36,9,3,1,0
01-Feb-2024,Store-014,Memorial Corridor,South,High Traffic,Large,290,471,309,248,92,63,28,492,1.6966,"USD 12,426.92",322.0,25.26,26.38,2265,21.72,"9,927.19","USD 2,814.66",1,120,,,54,,,80,5,12,31,2,1,0,1
Jan 01 2023,store_019, Retail Plaza ,suburban,Retail Strip,Medium,291,254,195,162,72,54,31,352,1.2096,7372.22,275.0,20.94,29.02,1197 units,29.41,"$6,988.43","USD 3,121.69",6,132,,,53,,,69,8,1,20 units,6,2,1,1
01-Nov-2025,STORE009,Peoria Area,SOUTH,Neighborhood,Medium,267,219,180,140,59,27,9,275,1.03,"5,597.27",256.0,20.35,25.56,879,31.29,"$7,666.65","USD 2,152.89",5,61,,,62,,,83,8,5,22,0,6,1,3
01-Jun-2025,store007,Union Area,west,Neighborhood,Small,243,162,117,88,58,17,15,207,0.8519,,157.0,21.39,27.33,941,22.0,"USD 4,149.18",USD 806.86,4,58,,,50,,,69,2,3,18,0,1,0,2
03/01/2026,Store-016,INDUSTRIAL DISTRICT,West,Neighborhood,Small,224,127,102,83,31,20,13,166,0.7411,6744.99,170.0,40.63,53.11,467,35.55,"$3,861.45","USD 1,209.04",9,60,,,30,,,46,0,5,18,3,3,1,0
Jan 01 2021,store012,Downtown, Central ,Urban,Large,312,319,221,170,65,37,22,345,1.1058,5551.29,206.0,16.09,17.4,1109,31.11,"7,979.30",709.50,3,121,,,79,,,110,5,5,32 units,8,2,1,1
01-Aug-2022,store017,Southwest Tulsa,south,Suburban,Medium,309,183,147,108,29,24,10,210,0.6796,"$4,950.17",146.0,23.57,27.05,1039,20.21,"3,959.53","USD 1,669.54",6,77,,,28,,,39,1,3,11,6,5,0,1
2024-12-01,store_001,north tulsa, North ,,Large,311,391,268,217,146,54,16,484,1.5563,"17,002.72",492.0,35.13,43.49,2354,20.56,11753.7,"USD 3,058.52",9,151,,,109,,,146,5,12,42,3,1,0,0
Apr 01 2023,Store-016,INDUSTRIAL DISTRICT,west,Neighborhood,Small,281,111,78,64,23,15,6,122,0.4342,"2,257.17",79.0,18.5,20.33,585,20.85,3207.08,USD 838.24,9,47,,,13,,,30,2,2,18,2,1,1,1
01-Mar-2021,store_003,South Tulsa,SOUTH,Neighborhood,Small,234,108,60,50,32,8,7,107,0.4573,"USD 5,111.56",136.0,47.77,47.33,372,28.76,"1,848.76",USD 310.47,11,48,,,17,,,23,8,5,7,2,1,0,2
07/01/2024,store_002,EAST TULSA,EAST,Neighborhood,Medium,287,188,105,96,44,22,10,181,0.6307,"$8,446.60",231.0,46.67,44.93,978,18.51,"4,470.17",USD 621.61,10,88,,,28,,,43,2,5,15,1,3,2,0
Sep 01 2021,STORE008,Admiral Area,east,High Traffic,Large,301,289,195,170,81,29,30,335,1.113,"5,517.14",260.0,16.47,19.09,1399,23.95,"$8,604.29",$884.14,2,107,,,89,,,104,7,1,21,2,3,0,1
09/01/2022,store_017,southwest tulsa,South,Suburban,Medium,287,170,99,71,30,15,14,158,0.5505,3446.23,147.0,21.81,20.27,498,31.73,"$3,543.14",$966.84,11,46,,,27,,,36,6,3,8,2,0,1,3
May 01 2023,STORE017, Southwest Tulsa ,south,Suburban,Medium,307,202,125,102,36,23,19,203,0.6612,"6,126.93",186.0,30.18,30.33,713,28.47,"USD 5,897.13",730.37,9,72,,,39,,,52,6,2,16 units,6,1,0,0
Jun 01 2024,Store-015, University Area ,central,Student Area,Small,229,169,121,95,56,12,20,209,0.9127,"USD 4,870.42",156.0,23.3,28.82,1051,19.89,4432.43,USD 876.42,11,71,,,44,,,61,4,2,22,0,3,2,0
02/01/2022,store008, Admiral Area ,East,High Traffic,Large,327,352,203,188,92,21,27,343,1.0489,"7,951.03",336.0,23.18,22.59,1706,20.11,"USD 7,005.49","$2,357.01",2,187,,,88,,,122,4,11,33,7,1,0,2
01-Dec-2025,Store-016,Industrial District, West ,Neighborhood,Small,253,107,72,63,28,16,9,125,0.4941,"$2,714.09",88.0,21.71,25.37,388,32.22,3392.46,$265.15,2,61,,,21,,,34,5,0,13,2,2,1,0
Oct 01 2022,Store-007, Union Area ,WEST,Neighborhood,Small,275,133,91,72,52,24,11,178,0.6473,3672.42,98.0,20.63,27.61,588,30.27,"USD 2,956.60",$467.15,10,69,,,34,,,40,2,5,8,0,3,0,0
01-Nov-2023,store011,Airport Area,East,Retail Strip,Medium,294,251,168,144,87,33,29,317,1.0782,"7,563.34",281.0,23.86,30.13,1048,30.25,"USD 5,263.63",2588.48,7,101,,,87 units,,,113,1,7,23,5,4,2,1
04/01/2023,store_005,Midtown,Central,Urban,Large,313,307,219,192,89,22,37,367,1.1725,6010.36,186.0,16.38,19.58,1271,28.87,7318.38,"$1,712.46",8,187,,,43,,,65,9,14,28,8,2,5,2
2026-03-01,store018,Northeast Tulsa,NORTH,Neighborhood,Small,242,159,112,91,40,9,16,177,0.7314,"6,224.20",165.0,35.16,39.15,739,23.95,"4,487.43",$931.31,0,41,,,47,,,55,7,6,10,5,2,1,1
Oct 01 2023,store_015,UNIVERSITY AREA,central,Student Area,Small,232,180,110,85,57,22,19,208,0.8966,2855.99,104.0,13.73,15.87,717,29.01,3431.97,593.37,6,57,,,23,,,43,2,4,21,3,0,6,2
11/01/2023,Store-010,suburban edge,SUBURBAN,Suburban,Small,232,74,69,63,17,13,4,103,0.444,2394.19,95.0,23.24,32.35,299,34.45,"USD 2,389.99",598.70,5,42,,,16,,,22,3,0,7,3,2,0,2
01/01/2026,STORE001,North TLSA,north,High Traffic,Large,319,457,325,277,136,37,46,544,1.7053,"$20,263.58",599.0,37.25,44.34,1539,35.35,"USD 9,761.36","$3,630.13",11,210,,,137,,,180,4,14,51,10,1,3,1
2024-07-01,store_012, Downtown , Central ,Urban,Large,310,303,264,210,121,56,39,480,1.5484,"13,704.91",366.0,28.55,45.23,2153,22.29,"9,313.68","$2,062.89",9,147,,,47,,,97,6,6,50,1,5,1,0
2023-08-01,store009,Peoria Area,south,Neighborhood,Medium,261,198 units,137,124,36,32,9,214,0.8199,6311.69,237.0,29.49,31.88,737,29.04,"USD 6,307.01",1852.24,9,119,,,28,,,57,7,9,31,6,4,1,0
01-Aug-2021, STORE020 ,Central TLSA,central,Urban,Medium,294,193,112,97,38,18,8,176 units,0.5986,,185.0,37.05,33.79,520,33.85,"USD 5,236.35",830.29,11,56,,,53,,,60,8,6,8,0,3,1,1
2024-09-01,store_016, Industrial District ,west,Neighborhood,Small,244,90,72,57,28,10,5,115,0.4713,"$1,708.21",51.0,14.85,18.98,496,23.19,"$2,385.64",USD 833.70,2,23 units,,,16,,,19,5,4,6 units,2,4,1,0
01-Jun-2025,STORE008,Admiral Area,East,High Traffic,Large,319,466,273,249,155,75,28,531,1.6646,"19,876.08",556.0,37.43,42.65,2293,23.16,12520.36,"$4,498.72",10,203,,,88,,,110,3,11,30,15,4,0,0
Jan 01 2022,store_018,northeast tulsa, North ,Neighborhood,Small,231,124 units,104,83,41,10,10,165,0.7143,"4,106.59",155.0,24.89,33.12,557,29.62,3592.6,"1,459.47",3,65,,,19,,,30,8,0,13,3,4,0,2
07/01/2025,store_014,MEMORIAL CORRIDOR,South,High Traffic,Large,295,436,304,269,140,71,25,540,1.8305,8113.55,321.0,15.03,18.61,2015,26.8,12522.99,"2,219.85",6,137,,,76,,,113,7,18,35,9,0,1,1
01-May-2022,store_016, Industrial District ,West,Neighborhood,Small,280,99,65,52,32,14,10,121,0.4321,3757.71,129.0,31.06,37.96,422,28.67,"$2,055.77",$567.43,3,48,,,17,,,23,5,2,7,1,3,1,2
01-Apr-2026,store_002,east tulsa, East ,Neighborhood,Medium,282 units,213,143,116,46,28,11,228,0.8085,"USD 5,311.58",203.0,23.3,24.94,727,31.36,6567.0,1711.19,1,114,,,72,,,96,4,10,20,3,2,0,0
01-Jan-2021,Store-016,industrial district,west,Neighborhood,Small,245,88,65,51,23,14,7,109,0.4449,1923.87,,17.65,21.86,408,26.72,"$2,135.86",$244.85,5,51,,,16,,,29,7,4,14,3,2,2,0
Feb 01 2023,Store-016,Industrial District,WEST,Neighborhood,Small,240,108,74,63,34,16,9,133,0.5542,"1,956.86",62.0,14.71,18.12,666,19.97,"$2,559.01","1,050.59",8,40,,,30,,,40,7,0,14,3,3,1,1
2022-05-01,store_005,midtown,central,Urban,Large,320,354,256,209,59,22,21,358,1.1187,"12,393.88",356.0,34.62,35.01,1337,26.78,"USD 10,950.44","USD 3,166.78",6,122,,,50,,,87,3,4,42,7,5,1,0
03/01/2024,STORE009,PEORIA AREA, South ,Neighborhood,Medium,306,212,147,128,75,24,15,261,0.8529,"4,577.70",119.0,17.54,21.59,1190,21.93,"5,353.36","USD 1,138.55",1,137,,,40,,,53,9,8,12,8,1,4,2
2023-07-01,Store-008,Admiral Area,east,High Traffic,Large,318,337,277,250,132,31,24,464,1.4591,"7,676.03",347.0,16.54,22.78,1642,28.26,"$10,941.56",1148.26,4,161,,,46,,,74,2,4,29,5,0,1,1
Dec 01 2025,STORE002, East Tulsa , East ,Neighborhood,Medium,274,199,151,129,54,34,10,249,0.9088,"USD 4,617.85",195.0,18.55,23.21,787,31.64,"6,660.05","1,318.15",3,72,,,58,,,89,2,9,29,1,0,2,2
01-Feb-2025, STORE007 ,UNION AREA,WEST,Neighborhood,Small,221,194,125,103,35,29,18,207,0.9367,"6,671.04",228.0,32.23,34.39,675,30.67,"$5,678.22",1278.83,1,101,,,29,,,53,4,5,26,2,4,2,2
05/01/2025,store_004, West Tulsa , West ,Retail Strip,Medium,302,321,240,179,56,55,16,367,1.2152,"$6,567.55",186.0,17.9,20.46,1386,26.48,"$7,069.40","USD 2,647.24",3,127,,,103,,,131,7,14,27,9,2,2,0
10/01/2024,STORE006,Riverside,SOUTH,Retail Strip,Medium,263,326,204,177,64,53,15,336,1.2776,"12,460.81",423.0,37.09,38.22,1268,26.5,"USD 9,405.35","USD 2,818.28",8,141,,,37,,,73,0,13,40,10,2,0,3
01-Dec-2021,store_003,South TLSA,SOUTH,Neighborhood,Small,250,94,72,58,24,11,6,113,0.452,"1,487.90",69.0,13.17,15.83,425,26.59,"3,273.83",862.64,2,35,,,32,,,36,1,1,5,0,1,1,0
Sep 01 2021,store_020, Central Tulsa ,central,Urban,Medium,293,196,115,89,41,30,14,200,0.6826,4168.43,129.0,20.84,21.27,1055,18.96,4735.69,"1,238.32",0,90,,,45,,,58,4,9,17,2,3,0,1
01/01/2025,store005,midtown, Central ,Urban,Large,333,296,280,227,58,41,20,399,1.1982,"14,243.07",364.0,35.7,48.12,1162,34.34,"USD 11,463.56","$2,109.09",6,141,,,93,,,126,7,0,37,10,1,2,2
2021-05-01, STORE020 ,Central Tulsa,CENTRAL,Urban,Medium,284,183,143,117,53,18,10,224,0.7887,"$6,425.30",,28.68,35.11,987,22.7,"$5,323.83",USD 667.02,2,97,,,25,,,43,9,3,18,7,3,2,1
Jun 01 2024, STORE017 , Southwest Tulsa ,South,Suburban,Medium,306,182,113,87,59,26,19,217,0.7092,"6,007.00",221.0,27.68,33.01,869 units,24.97,"$4,857.51",$552.33,2,97,,,32,,,39,1,9,9,3,2,0,1
Feb 01 2024,Store-018,Northeast Tulsa,North,Neighborhood,Small,240,157,108,88,30,16,16,170,0.7083,"USD 5,005.75",150.0,29.45,31.88,744,22.85,"USD 3,361.36","USD 1,251.36",10,39,,,22,,,26,3,5,7,4,3,1,1
2023-03-01,store_002,east tulsa,East,Neighborhood,Medium,255,203,131,95,49,25,12,217,0.851,"4,740.04",182.0,21.84,23.35,755,28.74,3961.15,"$1,943.85",4,72,,,26,,,37,4,4,15,0,4,1,1
Mar 01 2024, STORE002 , East Tulsa , East ,Neighborhood,Medium,266,187,144,112,78,18,20,260,0.9774,"$5,670.39",169.0,21.81,30.32,1000,26.0,"4,519.70",1898.44,7,119,,,28,,,49,8,3,22,8,3,1,2
Feb 01 2021,store_003, South Tulsa ,south,Neighborhood,Small,243,110,73,68,31,13,7,124,0.5103,2915.25,123.0,23.51,26.5,402,30.85,"USD 3,700.28",286.16,3,52,,,29,,,36,6,2,6,1,2,3,0
2022-06-01,STORE017,Southwest TLSA,south,Suburban,Medium,284,156,122,103,47,15,10,194,0.6831,4503.22,205.0,23.21,28.87,631,30.74,"USD 5,215.35",$656.19,3,70,,,57,,,84,0,0,25,2,2,1,1
01-Jan-2024,store_014,memorial corridor,south,High Traffic,Large,298,500,357,280,120,91,24,592,1.9866,"USD 15,710.89",491.0,26.54,31.42,2402,24.65,"13,218.74","USD 3,729.08",3,167,,,93,,,163,1,6,69,12,1,2,0
Aug 01 2025,store_014, Memorial Corridor ,SOUTH,High Traffic,Large,324,354,258,216,66,48,23,395,1.2191,6228.55,270.0,15.77,17.59,1442,27.39,10712.77,1767.48,4,192,,,119 units,,,140,2,6,36,14,2,2,1
01-Mar-2026,Store-004,West TLSA,west,Retail Strip,Medium,262,322,245,213,104,40,12,401,1.5305,"11,211.68",398.0,27.96,34.82,1721 units,23.3,"$12,210.04","$3,575.10",6,166,,,80,,,89,9,11,17,11,1,1,1
01-Jul-2023,store012,Downtown, Central ,Urban,Large,297,316,226,211,95,20,17,358,1.2054,"USD 6,084.33",230.0,17.0,19.25,1253,28.57,"$9,296.99","$2,942.85",11,92,,,38,,,53,5,11,15,9,4,1,3
Oct 01 2025,store002,east tulsa,East,Neighborhood,Medium,268,159,141,109,35,24,12,212,0.791,,121.0,17.94,23.92,725,29.24,"6,314.51","USD 1,537.12",2,85,,,42,,,64,8,7,28,0,1,3,1
2022-06-01,store_001,North TLSA,North,,Large,322,267,225,194,75,53,31,384,1.1925,"$5,519.12",150.0,14.37,20.67,1103,34.81,"10,336.39",1181.1,2,159,,,72,,,94,5,12,29,1,4,0,3
10/01/2022, STORE012 ,Downtown,central,Urban,Large,302,226,160,134,58,35,21,274,0.9073,"USD 11,016.50",277.0,40.21,48.75,1384,19.8,6032.88,2285.66,4,115,,,61,,,81,8,0,27,2,3,1,0
01-Jan-2025, STORE017 , Southwest Tulsa ,south,Suburban,Medium,303,204,164,146,55,37,10,266,0.8779,"7,409.27",260.0,27.85,36.32,1294,20.56,7836.63,2326.37,5,98,,,49,,,65,8,4,17,5,10,0,0
Nov 01 2021, STORE018 ,Northeast TLSA, North ,Neighborhood,Small,239,113,88,67,38,6,10,142,0.5941,"$3,161.51",118.0,22.26,27.98,414,34.3,"USD 3,437.86",423.79,3,58,,,32,,,45,6,0,15,2,4,1,1
2024-10-01,STORE012, Downtown ,Central,Urban,Large,333,279 units,178,135,99,50,13,340,1.021,7536.45,236.0,22.17,27.01,972,34.98,6919.71,"USD 2,600.13",7,104,,,45,,,53,1,8,12,9,2,2,1
Nov 01 2021,STORE004,WEST TULSA,west,Retail Strip,Medium,276,211,163,119,66,22,9,260,0.942,"$6,712.72",273.0,25.82,31.81,759,,5757.8,2071.61,8,104,,,38,,,57,8,1,21,3,3,3,1
07/01/2025,STORE002, East Tulsa , East ,Neighborhood,Medium,297,193,146,134,54,29,16,245,0.8249,"USD 6,239.70",203.0,25.47,32.33,723,33.89,7063.54,950.65,0,79,,,47,,,62,2,3,14,5,2,2,3
07/01/2025, STORE013 ,BROOKSIDE,central,Urban,Medium,250,242,217,172,87,27,16,347,1.388,"USD 9,214.88",260.0,26.56,38.08,1852,18.74,"$9,119.50","1,129.45",11,146,,,43 units,,,68,3,5,30,9,1,1,1
05/01/2021,Store-014,Memorial Corridor,South,High Traffic,Large,297,351,288,229,128,67,44,527,1.7744,"USD 11,279.39",325.0,21.4,32.14,2051,25.69,"USD 9,537.43",4599.42,9,221,,,85,,,118,1,11,40,6,2,2,1
2025-02-01,Store-018, Northeast Tulsa ,north,Neighborhood,Small,237,123,98,79,28,24,11,161,0.6793,"2,949.36",79.0,18.32,23.98,653 units,24.66,2922.53,"$1,002.34",9,39,,,23,,,44,6,3,22,1,4,1,0
2021-04-01,Store-009,PEORIA AREA,SOUTH,Neighborhood,Medium,301,228,174,126,55,22,21,272,0.9037,"4,299.96",195.0,15.81,18.86,789,34.47,5071.73,594.99,4,93,,,56,,,74,5,8,16,3,4,2,0
11/01/2025,store_013,Brookside,CENTRAL,Urban,Medium,309,285,164,144,90,47,19,320,1.0356,"6,310.56",240.0,19.72,22.14,1776,18.02,5923.75,1252.79,11,124,,,88,,,117,0,12,25,1,1,3,2
01-Mar-2022, STORE005 ,midtown,CENTRAL,Urban,Large,297,392,241,221,85,44,20,390,1.3131,6286.13,230.0,16.12,16.04,2108,18.5,"$11,829.70",3396.18,4,157,,,122,,,167,0,11,50,10,4,0,0
11/01/2023,Store-017,SOUTHWEST TULSA, South ,Suburban,Medium,294,173,125,93,29,22,12,188,0.6395,3631.6,102.0,19.32,20.99,598,31.44,"5,080.19","1,365.72",9,93 units,,,33,,,58,3,3,27,3,3,2,2
05/01/2021, STORE006 ,RIVERSIDE,SOUTH,Retail Strip,Medium,268,235,184,166,46,30,23,283,1.056,"USD 8,622.62",271.0,30.47,36.69,1366,20.72,7062.43,"$1,876.14",8,119 units,,,43,,,74,3,5,28,1,1,1,2
Oct 01 2022,Store-015,University Area,CENTRAL,Student Area,Small,249,161,143,124,66,20,18,247,0.992,"$3,406.63",101.0,13.79,21.16,800,30.88,6158.16,995.27,4,97,,,46,,,61,6,4,21,5,3,1,0
01-Mar-2025,STORE012,DOWNTOWN,central,Urban,Large,310,385,280,202,113,32,29,454,1.4645,13352.09,469.0,29.41,34.68,2491,,"USD 8,897.51",3098.28,9,122,,,70,,,89,8,11,24,12,3,0,0
2021-08-01,store014,Memorial Corridor,South,High Traffic,Large,333,340,232,185,85,41,39,397,1.1922,"$14,110.71",445.0,35.54,41.5,1304,30.44,8120.53,891.15,11,186,,,51,,,76,5,5,29,5,5,1,1
01-Apr-2021,store_016,Industrial District,west,Neighborhood,Small,278,90,69,63,26,11,9,115,0.4137,"$2,636.10",89.0,22.92,29.29,379,,3558.83,993.32,5,48,,,18,,,25,7,0,9,1,0,3,1
01-Nov-2025,STORE007,Union Area,WEST,Neighborhood,Small,228,175,105,88,48,21,12,186,0.8158,6284.27,191.0,33.79,35.91,891,20.88,"USD 3,874.70","$1,125.55",6,78,,,55,,,70,0,1,19,6,1,0,0
01-Sep-2023,store004,west tulsa, West ,Retail Strip,Medium,282,203,185,136,53,22,11,271,0.961,"$3,977.34",166.0,14.68,19.59,779,34.79,6564.89,1300.94,6,109,,,36,,,69,8,2,35,1,2,0,2
Apr 01 2024, STORE010 ,Suburban Edge,Suburban,Suburban,Small,283,84,63,51,18,10,5,96,0.3392,"USD 1,550.11",55.0,16.15,18.45,292,32.88,2031.72,USD 242.86,4,32,,,20,,,25,9,1,7,0,4,2,0
06/01/2023,STORE001,north tulsa,North,High Traffic,Large,301,323,217,197,51,39,32,339,1.1262,10645.08,314.0,31.4,32.96,1773,19.12,"10,210.99","USD 2,106.27",1,106,,,102,,,124,0,3,30,12,1,0,0
11/01/2022,STORE007,union area, West ,Neighborhood,Small,284,142,95,69,42,8,7,152,0.5352,"$3,591.01",103.0,23.63,25.29,681,22.32,"3,754.32",584.35,11,75,,,17,,,33,0,2,18,5,4,0,0
Dec 01 2023, STORE004 ,WEST TULSA,West,Retail Strip,Medium,309,284,222,184,48,31,17,318,1.0291,"7,428.81",348.0,23.36,26.16,1671,19.03,"USD 9,533.00","USD 1,677.26",3,89,,,90,,,130,2,7,36,6,4,1,2
10/01/2021,store_009,PEORIA AREA,south,Neighborhood,Medium,281,173,132,119,35,16,15,198,0.7046,"$4,050.53",138.0,20.46,23.41,758,,"USD 5,342.58",990.12,5,58,,,38,,,54,4,8,15,1,3,1,2
2022-02-01,store_012,Downtown, Central ,Urban,Large,311,273,215,162,57,45,20,337,1.0836,"4,672.15",156.0,13.86,17.11,1031,32.69,"USD 7,772.93","$2,842.81",0,145,,,44,,,59,8,4,13,2,2,1,0
01-Sep-2025,store009,Peoria Area,South,Neighborhood,Medium,255,239,172,129,80,38,23,313,1.2275,"$9,898.40",311.0,31.62,41.42,921,33.98,4536.49,$755.12,10,83,,,62,,,91,4,7,28,4,4,2,3
2024-09-01,store005, Midtown ,Central,Urban,Large,304,301,181,167,55,30,28,294 units,0.9671,"USD 7,579.31",219.0,25.78,25.18,1415,20.78,"6,956.04","USD 1,668.39",11,117,,,93,,,120,5,2,40,6,4,2,0
2021-12-01, STORE017 ,Southwest Tulsa,SOUTH,Suburban,Medium,294,179,133,97,49,12,20,214,0.7279,"$5,873.50",204.0,27.45,32.81,834,25.66,"$4,796.95","$1,275.82",1,75,,,50,,,75,3,6,22,3,1,1,0
01-Jan-2023, STORE008 ,admiral area,EAST,High Traffic,Large,306,432,314,294,96,69,37,516,1.6863,22190.16,579.0,43.0,51.37,2152,23.98,"13,747.99",3653.02,8,118,,,104,,,127,1,16,34,11,3,1,0
2024-12-01,store_001,north tulsa, North ,,Large,311,391,268,217,146,54,16,484,1.5563,"17,002.72",492.0,35.13,43.49,2354,20.56,11753.7,"USD 3,058.52",9,151,,,109,,,146,5,12,42,3,1,0,0
04/01/2023,STORE020,Central TLSA,Central,Urban,Medium,285,277,208,173,96,42,16,362,1.2702,"$9,161.87",257.0,25.31,33.08,1683,21.51,"USD 7,737.80","$1,297.50",4,150,,,69,,,105,6,0,32,7,2,1,2
2021-06-01,STORE018,NORTHEAST TULSA,North,Neighborhood,Small,261,113,80,66,31,20,12,143,0.5479,2621.59,81.0,18.33,23.2,443,32.28,"$2,515.83","$1,158.71",3,39 units,,,36,,,42,1,2,7 units,0,6,0,0
01-Aug-2023,Store-018, Northeast Tulsa ,NORTH,Neighborhood,Small,238,120,82,60,24,16,6,128,0.5378,"4,377.17",161.0,34.2,36.48,579,22.11,"2,578.88",USD 589.42,5,54,,,24,,,32,5,3,9,3,1,1,0
01/01/2026,Store-009,peoria area,south,Neighborhood,Medium,304,253,172,141,48,30,19,269,0.8849,5395.55,230.0,20.06,21.33,1378,19.52,"USD 7,754.11","$2,007.11",6,136,,,50,,,72,6,6,24,9,0,1,1
05/01/2024,store_002,East Tulsa,East,Neighborhood,Medium,268,182,119,87,57,30,23,229,0.8545,"$5,311.59",208.0,23.19,29.18,983,23.3,"USD 4,623.62",USD 812.56,11,85,,,34,,,45,0,6,12,0,4,1,1
2024-02-01,Store-011,Airport Area,east,Retail Strip,Medium,262,295,181,144,59,23,17,280,1.0687,"$9,241.71",355.0,33.01,31.33,1014,27.61,"$5,412.52",1816.03,8,109,,,51 units,,,64,0,10,17,11,2,0,2
01-Feb-2023,Store-013,BROOKSIDE,CENTRAL,Urban,,256,244 units,195,174,89,33,26,343,1.3398,5493.05,151.0,16.01,22.51,1536,22.33,"$7,444.11","USD 1,361.02",7,70,,,31,,,63,8,8,35,8,2,2,3
08/01/2023,STORE014,Memorial Corridor, South ,High Traffic,Large,321,372,226,163,110,53,42,431,1.3427,8183.06,237.0,18.99,22.0,1385,31.12,"$6,670.93","USD 2,855.59",1,155,,,63,,,84,3,9,20,0,1,2,1
Jan 01 2026,store_003,South Tulsa, South ,Neighborhood,Small,250,133 units,113,95,30,9,5,157,0.628,4163.33,134.0,26.52,31.3,842,18.65,"$3,802.88",891.62,6,79,,,32,,,49,9,3,21,5,2,3,0
Sep 01 2025,store019,retail plaza,suburban,Retail Strip,Medium,275,235,142,128,62,16,16,236,0.8582,3922.1,156.0,16.62,16.69,1067,22.12,"$5,719.77","1,019.41",3,89,,,49,,,79,0,9,34,0,3,1,1
Oct 01 2024,Store-008,admiral area,East,High Traffic,Large,300,375,319,230,98,53,29,499,1.6633,"10,665.14",374.0,21.37,28.44,2496,19.99,"USD 10,428.35","USD 1,493.01",3,162,,,122,,,178,2,17,53,9,3,1,1
01/01/2026,STORE017,Southwest Tulsa, South ,Suburban,Medium,275,199,130,119,57,23,12,222,0.8073,"8,987.73",234.0,40.49,45.16,676,32.84,"5,828.98","1,476.32",11,104,,,43,,,57,9,8,15,3,2,0,1
Jul 01 2021, STORE007 ,UNION AREA,west,Neighborhood,Small,269,170,131,97,52,25,11,219,0.8141,3680.85,143.0,16.81,21.65,612,35.78,"4,382.01","1,375.56",5,71,,,51,,,63,6,1,10,5,3,1,0
Apr 01 2024, STORE011 ,AIRPORT AREA,east,Retail Strip,Medium,288,285,209,163,108,51,25,393,1.3646,"USD 11,777.55",311.0,29.97,41.32,1643,23.92,"USD 7,351.56","2,411.92",6,159,,,36,,,69,5,2,40,8,1,2,5
01-Jun-2024,store010,suburban edge,Suburban,Suburban,Small,280,58,47,34,12,10,2,71,0.2536,"USD 2,611.35",77.0,36.78,45.02,253,28.06,"$1,416.64",556.16,3,27,,,12,,,20,8,1,8,1,2,1,1
Jun 01 2021,STORE017,southwest tulsa,SOUTH,Suburban,Medium,266,159,133,124,63,24,8,228,0.8571,"5,999.95",178.0,26.32,37.74,771,29.57,"USD 5,414.87",877.03,7,95,,,53,,,75,1,4,25,0,3,1,1
12/01/2022,Store-014, Memorial Corridor ,South,High Traffic,Large,328,401,271,247,145,61,32,509,1.5518,"$10,695.28",497.0,21.01,26.67,2365,21.52,"USD 11,421.61","4,262.25",10,108,,,128,,,182,9,15,49,2,2,3,1
01-Feb-2024,Store-001,North Tulsa,North,High Traffic,Large,325,405,223,165,94,29,16,362,1.1138,18759.98,509.0,51.82,46.32,1135,31.89,8188.69,"USD 1,563.70",7,103,,,126,,,144,9,19,21,1,2,0,1
2025-09-01,STORE014, Memorial Corridor ,South,High Traffic,Large,310,343,310,288,83,26,42,461,1.4871,"USD 17,415.14",452.0,37.78,50.77,1385,33.29,"15,331.54",1584.58,5,198,,,67,,,111,0,6,51,15,4,0,0
01-Dec-2024,Store-011,AIRPORT AREA,East,Retail Strip,Medium,256,268,179,155,81,26,16,302,1.1797,5344.35,181.0,17.7,19.94,1141,26.47,"$7,975.33","USD 2,225.48",11,148,,,51,,,91,1,8,39,0,4,1,0
03/01/2021,store018,Northeast TLSA,north,Neighborhood,Small,223,114,87,81,26,17,13,143,0.6413,"$3,964.83",103.0,27.73,34.78,473,30.23,3065.36,USD 901.98,1,58,,,41,,,49,3,5,12,0,1,0,1
07/01/2023,store_004,West TLSA,West,Retail Strip,Medium,251,274,204,178,93,47,13,357,1.4223,"7,044.20",205.0,19.73,25.71,1335 units,26.74,"$7,754.60","$1,947.36",2,112,,,70,,,104,9,5,35,8,3,1,0
04/01/2024,STORE007,UNION AREA,West,Neighborhood,Small,266,188,121,89,45,31,15,212,0.797,"USD 4,252.81",167.0,20.06,22.62,928,22.84,"$3,123.93","1,531.26",5,66,,,55,,,75,5,7,21,3,1,3,0
06/01/2024,store_011,airport area,East,Retail Strip,Medium,278,245,230,209,64,34,13,341,1.2266,"6,756.19",197.0,19.81,27.58,1228,27.77,"9,314.62","USD 2,479.97",4,126,,,47,,,89,4,12,40,1,3,3,1
01-Jun-2021,Store-020, Central Tulsa ,Central,Urban,Medium,298,175,152,126,55,27,20,254,0.8523,"$3,991.80",103.0,15.72,22.81,1341,18.94,"5,308.87",1030.45,5,109,,,54,,,86,0,5,29,5,5,1,0
01-Sep-2023,store017, Southwest Tulsa ,south,Suburban,Medium,250,153,132,104,41,17,6,196,0.784,"$3,433.03",140.0,17.52,22.44,1020,19.22,"$5,906.39",865.50,10,76,,,34,,,58,2,6,25,0,3,2,1
2025-06-01, STORE019 ,RETAIL PLAZA, Suburban ,Retail Strip,Medium,255,289,191,141,103,26,11,331,1.298,"$5,073.04",213.0,15.33,17.55,1107,29.9,6096.41,"$2,407.49",11,127,,,56,,,95,2,10,40,10,1,2,3
10/01/2023,store010,SUBURBAN EDGE,Suburban,Suburban,Small,224,68,50,36,20,6,3,79,0.3527,2501.26,83.0,31.66,36.78,323,24.46,1979.13,438.16,2,30,,,16,,,24,1,3,8,0,5,1,2
01-Jun-2021, STORE006 ,riverside, South ,Retail Strip,Medium,252,300,227,181,60,37,14,338,1.3413,"9,792.53",275.0,28.97,32.64,1497,22.58,7863.67,1164.4,2,78 units,,,38,,,60,7,5,20,8,1,0,0
01-Aug-2023,store_016, Industrial District ,WEST,Neighborhood,Small,240,85,70,58,22,14,8,114,0.475,2251.83,72.0,19.75,26.49,381,29.92,"2,201.10",842.83,11,35,,,11,,,20,9,3,9,3,0,1,2
01-Jul-2022, STORE010 , Suburban Edge ,Suburban,Suburban,Small,229,59,42,31,17,13,6,78,0.3406,USD 841.40,36.0,10.79,14.26,370,21.08,"1,200.72",USD 187.27,2,27,,,24,,,30,6,3,6,0,1,0,0
02/01/2022,store009,PEORIA AREA, South ,Neighborhood,Medium,275,185,122,109,42,33,21,218,0.7927,"8,366.22",221.0,38.38,45.22,997,21.87,5850.78,"USD 1,422.99",2,58,,,66,,,75,7,5,11,6,0,1,2
Sep 01 2023, STORE016 ,Industrial District,west,Neighborhood,Small,229,93,69,59,36,17,7,129,0.5633,"2,221.57",70.0,17.22,23.89,525,24.57,"3,351.12",$336.53,1,39,,,31,,,41,0,3,10,2,3,0,0
01-May-2024, STORE020 ,central tulsa,central,Urban,Medium,293,262,173,137,72,39,11,295,1.0068,"$5,924.16",221.0,20.08,22.61,970,30.41,5475.59,$650.23,4,102 units,,,39,,,58,1,6,21,10,3,1,0
01-Nov-2024, STORE016 ,Industrial District, West ,Neighborhood,Small,232,85,64,57,26,11,6,107,0.4612,"$2,781.25",83.0,25.99,32.72,390,27.44,"$3,280.57",579.09,8,33,,,20,,,27,4,3,8,0,3,2,0
Jun 01 2024,store003, South Tulsa ,SOUTH,Neighborhood,Small,222,100,87,64,31,16,4,138,0.6216,"USD 1,895.94",81.0,13.74,18.96,545,25.32,3566.64,390.96,5,34,,,38,,,46,3,4,9,0,3,1,0
08/01/2024,store007, Union Area ,WEST,Neighborhood,Small,268 units,151,84,75,49,13,9,155,0.5784,"$2,050.87",87.0,13.23,13.58,479,32.36,"$3,558.30",608.57,3,59,,,36,,,55,2,3,21,2,3,2,0
01-Mar-2021,store007,union area,west,Neighborhood,Small,263 units,198,126,95,33,14,11,184,0.6996,"$5,733.46",152.0,31.16,28.96,923,19.93,"USD 3,493.05",502.56,1,54,,,57,,,79,5,7,21,5,3,1,2
2022-06-01,store_010,Suburban Edge, Suburban ,Suburban,Small,251,79,48,40,23,11,2,84,0.3347,3413.06,89.0,40.63,43.2,338,24.85,"1,734.66",$365.95,9,26,,,14,,,25,4,0,11,2,4,1,1
2025-10-01,STORE019,Retail Plaza,SUBURBAN,Retail Strip,Medium,304,298,184,136,63,22,10,279,0.9178,"10,714.07",311.0,38.4,35.95,821,33.98,4904.79,"USD 1,875.76",7,96,,,87,,,112,1,3,30,7,5,0,1
2025-02-01,STORE012,downtown,central,Urban,Large,316 units,371,222,188,83,47,14,366,1.1582,"USD 7,937.99",311.0,21.69,21.4,1040,35.19,10610.5,2055.84,4,174,,,44,,,73,0,3,33,8,2,0,2
2024-08-01,Store-017,southwest tulsa,South,Suburban,Medium,275,172,117,88,33,18,17,185,0.6727,"$4,260.66",169.0,23.03,24.77,514,35.99,"$4,769.72",634.93,7,57,,,37,,,52,2,7,20,1,3,2,3
03/01/2024,STORE014,Memorial Corridor,South,High Traffic,Large,311,520,391,338,97,53,37,578,1.8585,"USD 17,607.97",481.0,30.46,33.86,1720,33.6,"USD 12,107.83","$4,054.74",3,272,,,89,,,146,5,25,52,16,5,1,3
01-Oct-2021,Store-016,INDUSTRIAL DISTRICT, West ,Neighborhood,,284,77,55,45,20,6,5,86,0.3028,"USD 1,088.98",42.0,12.66,14.14,264,32.58,"$2,308.72",USD 537.01,9,38,,,17,,,28,6,0,12,1,2,4,0
01-Jun-2021,store_003, South Tulsa , South ,Neighborhood,Small,252,81,74,55,17,13,9,113,0.4484,"2,236.99",97.0,19.8,27.62,505,22.38,"2,149.56",USD 524.48,6,27,,,29,,,34,7,4,9,1,1,1,1
01-Jan-2021, STORE005 ,Midtown,central,Urban,Large,305,310,210,173,74,43,25,352,1.1541,"$6,701.41",239.0,19.04,21.62,1910,18.43,10003.87,"USD 2,555.78",11,146,,,78,,,95,5,6,22,12,2,1,2
01-Jul-2023,Store-020,CENTRAL TULSA,CENTRAL,Urban,Medium,302,217,181,159,64,28,23,296,0.9801,"$3,280.69",122.0,11.08,15.12,995,29.75,"8,065.06",2502.97,2,95,,,48,,,71,9,10,21,3,2,1,1
03/01/2025,Store-004,West Tulsa,west,Retail Strip,Medium,287,352,265,204,55,54,18,392,1.3659,"7,197.69",228.0,18.36,20.45,1331,29.45,"USD 8,821.06","2,481.36",2,164,,,101,,,137,4,1,42,4,4,0,2
2023-05-01,STORE012,DOWNTOWN, Central ,Urban,Large,293,240,212,155,60,29,27,328,1.1195,"3,802.79",153.0,11.59,15.84,1600,20.5,7588.37,$904.22,1,102,,,88,,,102,8,10,15,5,1,1,4
2021-03-01, STORE013 , Brookside ,CENTRAL,Urban,Medium,291,239,207,153,45,17,23,292,1.0034,"3,992.79",131.0,13.67,16.71,918,31.81,"USD 5,517.28",1578.41,5,78,,,41,,,58,2,13,17,7,2,1,1
2022-02-01,Store-004,West TLSA,WEST,Retail Strip,Medium,302,309,177,135,82,31,32,322,1.0662,"$11,924.09",337.0,37.03,38.59,1564,20.59,"5,529.16",$811.16,5,150,,,45,,,88,1,7,45,6,4,1,2
Jun 01 2025,store003,SOUTH TULSA,South,Neighborhood,Small,244,110,75,63,34,18,5,132,0.541,"$4,222.20",122.0,31.99,38.38,384,34.38,"USD 2,311.04",698.49,5,52,,,24,,,33,6,0,12,2,2,1,2
02/01/2026, STORE005 ,Midtown, Central ,Urban,Large,310,381,295,255,97,62,38,492,1.5871,"USD 10,905.07",366.0,22.16,28.62,1828,26.91,"$12,000.54","3,287.92",11,111,,,74,,,122,8,10,60,9,5,1,1
01-Nov-2022,store_004, West Tulsa ,WEST,Retail Strip,Medium,278,214,138,116,56,15,17,226,0.8129,"$4,004.10",168.0,17.72,18.71,917,24.65,"6,406.50","1,263.44",3,80,,,68,,,100,0,1,30,3,0,1,3
2025-03-01,STORE003,SOUTH TULSA,South,Neighborhood,Small,252,134,96,83,36,14,14,160,0.6349,"$3,925.67",171.0,24.54,29.3,598,26.76,"3,909.69",$888.22,10,60,,,21,,,35,1,3,13,1,1,2,2
Aug 01 2025,Store-018, Northeast Tulsa ,NORTH,Neighborhood,,270,118,73,52,21,8,11,113,0.4185,"3,202.86",83.0,28.34,27.14,368,30.71,3000.31,357.97,7,47,,,24,,,41,0,5,17,2,2,1,0
04/01/2024,store003,SOUTH TULSA,South,Neighborhood,Small,267,104,81,70,26,21,7,135,0.5056,"4,678.59",129.0,34.66,44.99,412,32.77,"3,458.09","1,099.39",11,66,,,19,,,33,7,3,18,2,3,2,2
06/01/2024,store_018, Northeast Tulsa ,NORTH,Neighborhood,Small,221,118,102,85,50,21,13,186,0.8416,"USD 2,696.97",,14.5,22.86,696,26.72,4241.47,563.88,11,77,,,43,,,63,5,3,22,4,5,0,2
12/01/2025,Store-018, Northeast Tulsa ,North,Neighborhood,Small,253,121,79,67,48,8,9,144,0.5692,"$2,519.72",95.0,17.5,20.82,586,24.57,2985.3,$437.64,0,56,,,43,,,55,3,1,14,1,1,2,2
Nov 01 2023,store_012,Downtown,CENTRAL,Urban,Large,336,330,238,187,58,25,22,343,1.0208,"6,167.18",216.0,17.98,18.69,1088,31.53,"USD 8,747.91","$2,554.15",0,117,,,39,,,71,5,7,30,0,4,3,1
04/01/2022,STORE005, Midtown ,Central,Urban,Large,337,385,228,203,93,63,41,425 units,1.2611,11822.27,313.0,27.82,30.71,1733,24.52,"7,464.83","2,654.48",4,161,,,101,,,141,8,4,54,2,2,0,2
06/01/2022,store002,East TLSA,east,Neighborhood,Medium,304,173,109,100,33,25,8,175,0.5757,"5,552.61",139.0,31.73,32.1,542,32.29,4066.14,USD 463.37,4,60,,,53,,,72,8,0,18,0,2,0,1
05/01/2025,STORE015,university area, Central ,Student Area,Small,278,190,183,133,35,26,16,260,0.9353,5889.29,251.0,22.65,31.0,747,34.81,"4,770.04","1,658.13",8,77,,,38,,,49,9,6,12,6,1,2,2
01-Apr-2022,Store-014,memorial corridor, South ,High Traffic,Large,294,461,275,231,126,28,40,469,1.5952,"$17,171.29",538.0,36.61,37.25,2484,18.88,"$12,179.89","3,334.40",2,122,,,78,,,103,3,1,30,14,0,0,2
01-Aug-2021,store_010,suburban edge, Suburban ,Suburban,Small,268,52,40,33,19,7,4,70,0.2612,"1,696.38",50.0,24.23,32.62,340,20.59,1197.41,USD 450.20,11,22,,,8,,,15,3,0,9,0,1,2,1
May 01 2023,store015,University Area,central,Student Area,Small,282,183,170,150,38,33,14,255,0.9043,"USD 2,539.70",102.0,9.96,13.88,991,25.73,5736.82,"2,020.57",0,108,,,51,,,71,2,0,21,4,4,2,2
03/01/2021, STORE011 ,Airport Area,EAST,Retail Strip,Medium,299,262,195,140,82,40,20,337,1.1271,"$8,012.32",350.0,23.78,30.58,1519,22.19,7102.9,"$1,984.02",0,74,,,51,,,87,5,4,42,5,0,0,1
2025-12-01,store_013,Brookside, Central ,Urban,Medium,305,254,177,153,83,26,27,313,1.0262,"USD 9,558.20",340.0,30.54,37.63,1257,24.9,"USD 6,106.49","$2,651.04",2,117,,,63,,,90,5,2,32,6,1,2,1
2024-01-01,store_007,Union Area,West,Neighborhood,Small,263,177,134,104,61,30,20,245,0.9316,"USD 5,536.64",214.0,22.6,31.28,924,26.52,"5,113.84","1,316.01",6,94,,,32,,,51,0,4,17,1,4,1,2
Jun 01 2024, STORE014 ,Memorial Corridor,south,High Traffic,Large,317,386,358,308,89,58,43,548,1.7287,"$14,332.69",386.0,26.15,37.13,1552,35.31,"12,091.76",1283.4,3,214,,,142,,,180,3,20,45,14,4,1,1
2022-12-01,store_011,Airport Area, East ,Retail Strip,Medium,298,239,194,148,45,22,27,288,0.9664,"$9,096.14",304.0,31.58,38.06,1070,26.92,"8,021.19",USD 632.07,2,152,,,57 units,,,98,0,14,42,3,3,0,2
01/01/2025, STORE012 , Downtown ,Central,Urban,Large,302,301,210,180,82,50,36,378,1.2517,"USD 10,338.20",276.0,27.35,34.35,1171,32.28,"$7,407.12",2758.86,6,103,,,116,,,148,2,11,39,0,2,0,3
Sep 01 2023,store_014,memorial corridor,SOUTH,High Traffic,Large,328,339,288,210,63,30,38,419,1.2774,8284.91,273.0,19.77,24.44,1521,27.55,10776.68,"2,337.49",6,167,,,55,,,89,3,15,31,6,2,1,4
Aug 01 2022,Store-020, Central Tulsa ,Central,Urban,Medium,253,220,132,120,62,27,9,230,0.9091,"USD 9,172.25",277.0,39.88,41.69,1013,22.7,6407.02,"$1,751.98",10,57,,,59,,,77,1,3,21,2,3,2,1
02/01/2023,store_012, Downtown ,CENTRAL,Urban,Large,338,296,208,162,73,29,24,334,0.9882,"$8,558.91",371.0,25.63,28.92,1151,29.02,"USD 6,474.35",$968.00,0,118,,,71,,,109,9,14,36,2,2,0,2
05/01/2022,store_001,North Tulsa,North,High Traffic,Large,298,306,260,243,87,31,12,390,1.3087,"USD 11,077.17",311.0,28.4,36.2,1494,26.1,"10,228.10",947.32,3,171,,,74,,,99,7,8,26,8,4,2,2
01-Jan-2021,STORE020,CENTRAL TULSA,central,Urban,Medium,281,224,188,167,58,36,11,293,1.0427,"7,638.54",259.0,26.07,34.1,839,34.92,8346.53,"$2,302.77",6,99,,,31,,,56,6,8,27,5,1,1,0
11/01/2023, STORE005 ,Midtown,central,Urban,Large,310,288,215,178,102,45,31,393,1.2677,"$12,093.10",386.0,30.77,41.99,1928,20.38,"6,298.04","$2,990.16",0,116,,,46,,,77,5,13,33,10,1,1,0
2021-02-01,store016,INDUSTRIAL DISTRICT,West,Neighborhood,Small,261,86,81,63,31,9,7,128,0.4904,2139.07,57.0,16.71,24.87,706,18.13,"USD 2,443.76",678.45,2,40 units,,,20,,,27,3,3,8,3,0,0,0
Oct 01 2024,store_003, South Tulsa ,south,Neighborhood,Small,229,108,76,56,33,12,10,131,0.5721,"USD 1,780.26",76.0,13.59,16.48,367 units,35.69,"USD 2,751.02","USD 1,056.94",4,36,,,13,,,28,6,5,16,4,2,1,1
2024-06-01,store_008,Admiral Area,east,High Traffic,Large,300,411,311,250,88,28,23,450,1.5,"USD 13,207.88",547.0,29.35,32.14,1680,26.79,"14,205.38","USD 1,168.86",9,109,,,115,,,127,8,13,25,0,2,4,0
01/01/2026,Store-002,east tulsa,EAST,Neighborhood,Medium,263,241,187,157,71,29,26,313,1.1901,"$7,490.97",264.0,23.93,31.08,1708,18.33,"$8,613.13","$2,763.87",6,107,,,65,,,87,0,5,27,9,2,3,1
01-Sep-2022, STORE008 , Admiral Area , East ,High Traffic,Large,295,345,192,152,102,23,30,347,1.1763,"USD 15,482.18",413.0,44.62,44.88,1074,32.31,"USD 8,606.51",946.46,7,160 units,,,90,,,102,3,6,19,1,5,2,1
11/01/2024,Store-001,NORTH TULSA,North,High Traffic,Large,322,314,217,197,61,45,33,356,1.1056,"$11,329.34",324.0,31.82,36.08,1082,32.9,"7,239.97","2,036.26",4,174,,,56,,,104,1,4,52,9,2,2,3
Mar 01 2023, STORE018 ,NORTHEAST TULSA,North,Neighborhood,Small,247,169,118,110,27,27,5,177,0.7166,3352.82,100.0,18.94,19.84,614,28.83,4079.24,USD 751.39,7,74 units,,,47,,,62,3,5,13,4,2,1,1
02/01/2024,store019, Retail Plaza , Suburban ,Retail Strip,Medium,275,236,200,170,76,42,11,329,1.1964,6354.27,255.0,19.31,26.92,1378,23.88,"$9,125.13","USD 1,402.42",7,146,,,57,,,71,9,10,20,10,2,2,0
01/01/2022, STORE006 ,riverside, South ,Retail Strip,Medium,278,286 units,228,165,56,48,26,358,1.2878,"USD 6,285.76",179.0,17.56,21.98,1024,34.96,"8,239.48",1704.79,5,150 units,,,79,,,104,9,3,34,10,0,1,1
04/01/2024,store005,midtown,Central,Urban,Large,296,348,254,202,68,23,16,361,1.2196,"USD 5,957.59",200.0,16.5,17.12,1511,23.89,"11,080.28",USD 809.60,11,139 units,,,85,,,113,7,5,37,11,7,0,1
01/01/2023, STORE010 ,Suburban Edge,suburban,Suburban,Small,283,58,55,40,22,6,3,86,0.3039,"1,072.98",41.0,12.48,18.5,347,24.78,"$1,672.30",192.07,6,20,,,18,,,22,8,2,4,2,1,1,2
08/01/2021,Store-015, University Area ,CENTRAL,Student Area,Small,278,163,107,80,28,21,12,168,0.6043,"$5,853.06",162.0,34.84,35.91,602,27.91,"$3,921.25",947.27,1,54,,,21,,,30,0,3,10,6,6,2,3
Jan 01 2025,STORE002, East Tulsa ,EAST,Neighborhood,Medium,308,229,153,111,74,37,16,280,0.9091,4203.69,195.0,15.01,18.36,812,34.48,"USD 5,138.58",USD 660.23,6,119,,,67,,,80,0,4,13,0,9,1,2
01-Jul-2024,Store-014,memorial corridor,south,High Traffic,Large,307,448,305,249,91,39,35,470,1.5309,8779.9,333.0,18.68,19.6,1483,31.69,"USD 8,767.89","3,865.26",6,139,,,63,,,103,4,20,50,12,2,3,0
01-Aug-2023,STORE006,riverside,south,,Medium,291,237,161,123,80,40,10,291,1.0,"9,042.37",261.0,31.07,38.15,1584,18.37,"$5,610.60","USD 2,558.37",4,144,,,43,,,53,8,1,14,4,4,0,1
Nov 01 2023, STORE006 ,Riverside,South,,Medium,295,303,193,147,69,48,15,325,1.1017,"$9,123.48",261.0,28.07,30.11,1366,23.79,7296.19,"USD 2,642.17",7,132,,,32,,,44,5,1,15,7,3,4,1
05/01/2023,store_010,Suburban Edge,suburban,Suburban,Small,257,69,49,41,25,4,8,86,0.3346,"$1,354.82",49.0,15.75,19.64,302,28.48,2158.9,701.15,4,24,,,25,,,32,2,1,10,1,6,1,3
01-Apr-2026,Store-019,Retail Plaza,Suburban,Retail Strip,Medium,294,258,233,177,83,48,20,384,1.3061,"USD 12,534.94",333.0,32.64,48.59,1980,19.39,9544.51,$796.55,4,143,,,75,,,102,5,15,25,10,3,1,1
01/01/2021,store018,NORTHEAST TULSA, North ,Neighborhood,Small,261,102 units,85,70,28,6,5,124,0.4751,1670.86,69.0,13.47,16.38,361,34.35,"$3,423.71","1,104.93",7,40,,,19,,,32,9,1,15,4,1,1,1
07/01/2021,store008,Admiral Area,EAST,High Traffic,Large,301,333,272,251,83,56,29,440,1.4618,"$11,857.81",301.0,26.95,35.61,1271,34.62,"USD 12,960.80","1,866.08",2,110,,,54,,,96,2,16,48,5,4,2,3
01-Nov-2024,STORE008,ADMIRAL AREA,east,High Traffic,Large,297,399,280,257,74,77,34,465,1.5657,"USD 7,758.23",366.0,16.68,19.44,2419,19.22,"USD 9,154.54",1966.81,10,196,,,55,,,100,8,19,44,10,2,1,2
02/01/2025,store_001,north tulsa, North ,High Traffic,Large,334,407,259,208,95,51,39,444,1.3293,"$9,109.27",385.0,20.52,22.38,1281,34.66,"USD 9,118.80",1966.35,8,160,,,120,,,139,7,17,32,5,4,1,1
Dec 01 2021,STORE001,North Tulsa, North ,High Traffic,Large,328,314,246,202,117,39,26,428,1.3049,"$7,997.13",332.0,18.68,25.47,1787,23.95,"8,818.20",1193.52,9,100,,,63,,,109,6,4,48,4,6,0,0
10/01/2021,Store-011,Airport Area, East ,Retail Strip,Medium,291,271,177,139,72,44,19,312,1.0722,"5,823.74",214.0,18.67,21.49,1012 units,30.83,"4,992.17","USD 1,655.73",5,140,,,49,,,85,3,2,35,10,5,3,2
2025-02-01,Store-013,BROOKSIDE,central,Urban,Medium,265,305,205,187,83,34,12,334,1.2604,"USD 9,395.81",290.0,28.13,30.81,1029,32.46,"USD 6,558.52","$1,916.28",7,107,,,73,,,93,8,7,18,6,1,1,3
01-Jun-2021,Store-002,East Tulsa,east,Neighborhood,Medium,258,147,130,108,28,16,11,185,0.7171,"$3,530.13",146.0,19.08,24.01,800,23.12,5493.02,655.96,8,62,,,27,,,44,8,7,16,4,2,1,2
Jul 01 2023,store007,Union Area, West ,Neighborhood,Small,279,130,98,71,46,15,14,173,0.6201,2309.01,87.0,13.35,17.76,740,23.38,"$2,687.47",672.39,7,72,,,15,,,32,2,1,19,1,3,2,4
2021-10-01, STORE001 ,North TLSA, North ,High Traffic,Large,298,220,162,143,67,18,15,262,0.8792,"USD 5,966.09",239.0,22.77,27.12,1101,23.8,8224.52,"$1,546.66",7,132,,,41,,,63,8,11,21,0,2,1,0
01-Apr-2022, STORE002 ,east tulsa, East ,Neighborhood,Medium,253,164,111,101,52,16,19,198,0.7826,"$3,603.23",152.0,18.2,21.97,621,31.88,"$5,819.84",USD 707.66,6,77,,,33,,,42,2,7,10,0,5,0,1
2023-01-01,Store-017,Southwest TLSA, South ,Suburban,Medium,264,187,124,92,49,25,8,206,0.7803,"5,239.49",150.0,25.43,28.02,761,27.07,"4,288.40","USD 1,602.98",7,81,,,43,,,52,2,9,15,2,3,1,1
2025-10-01, STORE020 ,CENTRAL TULSA,central,Urban,Medium,301,236,183,131,62,42,15,302,1.0033,"USD 5,221.14",243.0,17.29,22.12,1407 units,21.46,5791.98,1310.09,3,124,,,80,,,118,5,11,33,4,2,2,4
Sep 01 2025,Store-006,Riverside,South,Retail Strip,Medium,265,316,218,181,65,38,19,340,1.283,"USD 12,462.54",,36.65,39.44,1070,31.78,"6,918.82","USD 1,051.35",0,189,,,105,,,155,9,5,44,2,6,1,0
Aug 01 2025,STORE012,downtown,Central,Urban,Large,335,322,240,174,49,41,22,352,1.0507,"$16,343.48",433.0,46.43,50.76,1531,22.99,"$8,182.10","1,323.63",5,97,,,84,,,101,6,1,22,4,2,1,3
2023-02-01,store_018,Northeast Tulsa,North,Neighborhood,Small,269,110,101,74,39,8,6,154,0.5725,,71.0,12.85,17.98,458,33.62,"$3,140.17",592.22,3,34,,,20,,,35,5,3,18,3,2,1,0
2025-06-01, STORE010 ,Suburban Edge, Suburban ,Suburban,Small,279,78,67,52,25,13,6,111,0.3978,"USD 2,057.92",84.0,18.54,26.38,557,19.93,"USD 2,455.20",748.8,11,24,,,11,,,20,3,1,11,0,3,2,0
12/01/2022,Store-017,Southwest TLSA,south,Suburban,Medium,278,185,125,91,61,15,15,216,0.777,"USD 3,647.26",141.0,16.89,19.71,931,23.2,"$3,933.06",USD 790.75,10,87,,,46,,,59,1,5,11,2,4,1,1
08/01/2021,store_018,NORTHEAST TULSA,North,Neighborhood,Small,254,112,76,63,32,16,6,130,0.5118,"$2,034.50",90.0,15.65,18.17,462,28.14,"USD 2,276.24",$389.89,2,50,,,35,,,48,7,4,17,3,2,0,0
01/01/2021,STORE017, Southwest Tulsa , South ,Suburban,Medium,268,169,100,77,45,25,9,179,0.6679,2203.08,93.0,12.31,13.04,541,33.09,"$3,331.94",778.14,6,81,,,42,,,58,2,6,14,1,6,2,2
2025-06-01,Store-013,BROOKSIDE,CENTRAL,Urban,Medium,282,250,216,156,55,31,28,330,1.1702,"3,775.33",170.0,11.44,15.1,1276,25.86,"USD 8,148.65","USD 1,498.57",7,119,,,92,,,118,9,10,27,1,5,4,2
04/01/2023, STORE007 ,Union Area,west,Neighborhood,Small,256,188,137,119,74,31,19,261,1.0195,"USD 2,789.69",129.0,10.69,14.84,1309,19.94,6112.8,"2,137.97",10,68,,,30,,,41,1,4,11,5,2,3,3
01-Sep-2023,store019,Retail Plaza,Suburban,Retail Strip,Medium,267,235,192,151,67,42,18,319,1.1948,"$6,941.84",241.0,21.76,29.54,888,35.92,"$8,339.49",1776.96,5,112,,,58,,,82,3,4,24,3,1,1,0
01-Aug-2025,store_002, East Tulsa ,East,Neighborhood,Medium,280,183,113,93,53,12,8,186,0.6643,"USD 6,923.80",192.0,37.22,37.83,697,26.69,5283.91,USD 778.99,10,98,,,48,,,55,9,4,8,0,3,0,0
03/01/2025,store_020,CENTRAL TULSA, Central ,Urban,Medium,299 units,333,209,166,71,45,24,349,1.1672,"$6,356.51",222.0,18.21,19.09,1707,20.45,"$9,210.94",1371.63,11,148,,,38,,,79,2,4,42,10,1,0,3
01-Jul-2025,STORE017,SOUTHWEST TULSA, South ,Suburban,Medium,299,186,157,113,62,16,8,243,0.8127,7541.62,222.0,31.04,40.55,1001,24.28,"USD 5,028.93",USD 952.18,8,88,,,60,,,82,8,1,21,5,5,0,3
Dec 01 2024,STORE020,central tulsa, Central ,Urban,Medium,257,240,192,150,83,20,24,319,1.2412,"$6,883.12",234.0,21.58,28.68,913,34.94,"USD 7,634.68",$834.64,10,82,,,67,,,95,7,1,26,4,2,0,3
Apr 01 2026,Store-004, West Tulsa , West ,Retail Strip,Medium,281,315,210,173,48,25,15,298,1.0605,8539.92,242.0,28.66,27.11,949,31.4,"USD 7,232.57",2001.94,6,121,,,35,,,75,4,7,44,1,1,1,0
2022-03-01,STORE004,WEST TULSA,West,Retail Strip,Medium,276,255,195,154,65,29,27,316,1.1449,"USD 5,077.12",188.0,16.07,19.91,1181,26.76,"USD 8,433.91",691.95,11,111,,,83,,,98,4,12,21,3,2,2,5
01-Apr-2024,store_018,northeast tulsa,NORTH,Neighborhood,Small,241,124,105,89,45,21,13,184,0.7635,"USD 3,630.54",157.0,19.73,29.28,681,27.02,"$3,756.63","USD 1,018.12",6,78 units,,,37,,,44,8,5,9,1,1,2,2
Dec 01 2021,STORE006,Riverside,South,Retail Strip,Medium,307,250,173,157,88,50,10,321,1.0456,"4,033.10",150.0,12.56,16.13,1324,,6891.49,"2,031.53",10,157,,,54,,,99,0,9,45,7,3,2,1
01-Feb-2021, STORE007 ,union area,West,Neighborhood,Small,258,165,132,106,54,20,8,214,0.8295,2599.28,93.0,12.15,15.75,939,22.79,"USD 6,103.98",946.98,4,72,,,43,,,63,2,3,19,6,3,0,0
Oct 01 2022,Store-018,northeast tulsa,North,Neighborhood,Small,237,96,84,69,23,7,11,125,0.5274,2120.33,58.0,16.96,22.09,451,27.72,2473.99,"USD 1,113.50",1,59,,,36,,,38,7,2,6,2,1,1,1
2023-10-01,store001,north tulsa, North ,High Traffic,Large,335,311,244,214,57,26,26,353,1.0537,"USD 8,535.83",363.0,24.18,27.45,1566,22.54,"USD 9,358.62",1963.9,9,165,,,88,,,143,2,13,50,12,2,3,0
01-Dec-2021,store_010,SUBURBAN EDGE,Suburban,Suburban,Small,274,79,54,50,22,12,9,97,0.354,"3,042.05",96.0,31.36,38.51,326,29.75,"1,864.89",212.66,1,43,,,13,,,18,4,0,6,1,4,0,0
01-Feb-2021,STORE018,Northeast TLSA,North,Neighborhood,Small,225,96,86,70,35,19,4,144,0.64,"USD 1,873.84",60.0,13.01,19.52,601,23.96,"3,491.50",$511.04,6,44,,,25,,,30,6,4,8,1,3,1,1
2024-02-01,store010,SUBURBAN EDGE, Suburban ,Suburban,Small,233,80,44,36,19,12,8,83,0.3562,"2,033.68",96.0,24.5,25.42,386 units,21.5,1330.7,USD 474.33,4,31,,,11,,,14,7,1,4,1,4,1,0
05/01/2025,Store-006, Riverside ,south,Retail Strip,Medium,267,378,246,182,77,42,29,394,1.4757,12861.33,,32.64,34.02,1216 units,32.4,6834.95,1759.71,9,124,,,50,,,100,7,2,47,2,5,1,2
01-Dec-2022,Store-010,Suburban Edge,Suburban,Suburban,Small,264,68,47,42,17,5,3,72,0.2727,1002.79,43.0,13.93,14.75,281,25.62,"$1,860.82",580.54,0,22,,,13,,,16,3,3,4,1,4,1,1
03/01/2026,store011,airport area,EAST,Retail Strip,Medium,300,306,240,176,122,19,23,404,1.3467,"USD 7,498.34",219.0,18.56,24.5,1196,33.78,9880.75,2154.07,2,160,,,84,,,98,3,2,16,3,7,1,2
12/01/2023,Store-001,north tulsa,NORTH,High Traffic,Large,303,305,194,150,104,24,38,360,1.1881,"$12,516.14",331.0,34.77,41.04,1488,24.19,"USD 8,682.09","1,232.06",8,170,,,42,,,84,4,8,46,13,3,3,3
11/01/2023,store008,Admiral Area,EAST,High Traffic,Large,300,366,268,217,106,32,19,425,1.4167,"USD 13,744.46",374.0,32.34,37.55,2081,20.42,"USD 8,806.90","USD 3,527.62",9,172,,,83,,,132,6,2,46,12,4,3,1
2026-02-01,Store-014,Memorial Corridor,South,High Traffic,Large,338,385,326,289,145,43,35,549,1.6243,"USD 8,088.03",250.0,14.73,21.01,1964,27.95,"USD 13,029.32",2675.42,11,156,,,135,,,182,6,4,47,5,2,1,2
Aug 01 2023,Store-020,Central TLSA,CENTRAL,Urban,Medium,280,231,155,116,84,23,16,278,0.9929,"USD 5,548.65",234.0,19.96,24.02,1118,24.87,"5,006.71",1692.46,2,79,,,68,,,79,6,11,20,1,1,0,0
Mar 01 2026, STORE008 ,ADMIRAL AREA, East ,High Traffic,Large,325,440,338,276,69,71,28,506,1.5569,,291.0,20.94,24.08,1813,27.91,"13,449.94","4,073.31",3,137,,,75,,,100,1,13,29,5,1,0,4
01-Sep-2025,store002,East TLSA,EAST,Neighborhood,Medium,267,183,111,87,54,19,19,203,0.7603,7787.79,206.0,38.36,42.56,872,23.28,3542.81,USD 454.30,4,61,,,36,,,65,7,7,27 units,3,3,3,1
01-Jan-2026,store020,CENTRAL TULSA,CENTRAL,Urban,Medium,259,245,215,198,43,29,16,303,1.1699,"$7,437.19",215.0,24.55,30.36,1025,,8652.95,"1,361.56",4,111,,,86,,,97,9,0,15,8,3,0,2
2024-05-01,store_001, North Tulsa ,NORTH,High Traffic,Large,320,441,279,235,128,70,33,510,1.5938,18362.15,587.0,36.0,41.64,1633,31.23,"11,991.57","USD 3,463.49",8,126,,,54,,,112,0,6,65,4,0,1,2
01-Sep-2021,store001,NORTH TULSA, North ,High Traffic,Large,304,274,254,197,115,41,28,438,1.4408,"USD 6,544.15",208.0,14.94,23.88,2026,21.62,"$7,948.52","USD 1,442.79",10,112,,,83,,,112,5,10,28,3,3,2,0
2024-12-01,store017,Southwest TLSA,south,Suburban,Medium,290,206,172,138,57,36,14,279,0.9621,"4,400.92",193.0,15.77,21.36,1238,22.54,"7,881.89","$1,731.72",4,98,,,48,,,57,6,1,11,2,6,0,1
2024-06-01,STORE002,east tulsa, East ,Neighborhood,Medium,256,163,154,112,60,18,15,247,0.9648,"$4,258.46",113.0,17.24,26.13,705,35.04,"$5,943.73","USD 1,123.17",3,89 units,,,25,,,42,2,7,17,0,3,1,3
01-Oct-2025,STORE001, North Tulsa ,NORTH,High Traffic,Large,308,316,241,183,118,43,28,430,1.3961,"$8,497.24",299.0,19.76,26.89,1418,30.32,"10,533.59","USD 2,991.78",11,170,,,46,,,64,4,7,23,10,1,1,1
08/01/2024,Store-018,northeast tulsa,North,Neighborhood,Small,227,147,104,89,46,9,14,173,0.7621,"USD 4,159.95",140.0,24.05,28.3,671,25.78,"USD 3,469.11",1503.68,4,49,,,24,,,41,2,3,22,0,3,2,0
2024-10-01, STORE014 , Memorial Corridor , South ,High Traffic,Large,312,449,347,304,100,48,34,529,1.6955,"USD 7,832.94",362.0,14.81,17.45,2576 units,20.54,11024.01,3158.12,5,237,,,93,,,151,9,14,67,4,1,1,0
08/01/2021,store_013, Brookside , Central ,Urban,Medium,288,219,161,142,65,29,15,270,0.9375,"$6,316.24",284.0,23.39,28.84,1387,19.47,"$6,540.96","$1,444.69",6,77,,,35,,,59,7,8,23,0,1,1,0
Feb 01 2026,Store-009,PEORIA AREA,South,Neighborhood,Medium,305 units,257,181,157,66,27,21,295,0.9672,"USD 5,615.00",239.0,19.03,21.85,995,29.65,"$8,295.35","1,852.66",10,114,,,67,,,80,6,7,20,6,3,1,0
01-Feb-2023,store_010, Suburban Edge ,suburban,Suburban,Small,281,58,48,37,18,5,7,78,0.2776,2264.46,71.0,29.03,39.04,220,35.45,1520.7,USD 221.71,1,32,,,20,,,23,5,1,6,1,0,3,1
01-Sep-2025, STORE008 , Admiral Area ,east,High Traffic,Large,321,332,221,178,74,41,26,362,1.1277,"6,996.35",257.0,19.33,21.07,1449,24.98,"7,739.74","USD 1,208.30",8,205,,,91,,,108,1,15,28,5,4,3,2
2021-06-01,store_004,West TLSA,West,Retail Strip,Medium,287 units,223,164,130,39,32,25,260,0.9059,5220.34,180.0,20.08,23.41,964,26.97,5905.41,"1,093.94",1,88 units,,,70,,,99,4,1,33,7,1,0,3
01-Jun-2023,store007,UNION AREA,west,Neighborhood,Small,228,165,117,98,43,26,14,200,0.8772,"$4,006.03",164.0,20.03,24.28,753,26.56,"USD 4,142.83",645.76,0,81,,,44,,,59,2,3,19,1,3,0,3
12/01/2025, STORE010 ,SUBURBAN EDGE,Suburban,,Small,280,65,47,41,15,6,7,75,0.2679,895.17,38.0,11.94,13.77,345,21.74,1498.9,USD 546.45,4,30,,,23,,,33,5,2,11,1,6,3,2
01-Mar-2021, STORE014 , Memorial Corridor , South ,High Traffic,Large,306,404,251,226,63,52,39,405 units,1.3235,"6,618.39",255.0,16.34,16.38,1891,21.42,13102.81,1544.89,5,126,,,51,,,73,8,9,27,10,2,2,2
2021-08-01,STORE012,Downtown, Central ,Urban,Large,329,233,186,155,58,34,16,294,0.8936,"USD 2,934.60",128.0,9.98,12.59,1377,21.35,"USD 6,761.87","$2,308.78",9,102,,,75,,,92,8,4,26,5,4,2,2
01-Sep-2022, STORE004 , West Tulsa ,West,Retail Strip,Medium,273,179,133,116,56,32,22,243,0.8901,"5,242.40",160.0,21.57,29.29,1148,21.17,"$6,247.09","USD 1,144.94",6,79,,,60,,,72,3,10,20,0,1,0,0
2021-11-01,STORE008, Admiral Area ,East,High Traffic,Large,313,316,211,173,122,61,39,433,1.3834,"$9,221.92",238.0,21.3,29.18,1921,22.54,"$9,165.94","$2,448.09",2,155,,,84,,,122,4,10,45,0,2,3,0
01-Apr-2026,STORE010,Suburban Edge,Suburban,Suburban,Small,284,80,65,50,22,11,6,104,0.3662,3471.59,96.0,33.38,43.39,386,26.94,2149.35,USD 568.47,5,42,,,16,,,28,7,4,12,0,1,1,0
01-Sep-2025,Store-003,South Tulsa,South,Neighborhood,Small,251,131,89,65,31,11,11,142,0.5657,"2,720.93",121.0,19.16,20.77,732,19.4,"$2,598.99",USD 769.69,2,38,,,34,,,46,4,4,17,1,2,1,2
2021-01-01,store_009,Peoria Area,south,Neighborhood,Medium,296,185,113,93,51,17,20,201,0.6791,3780.66,118.0,18.81,20.44,579,34.72,"USD 5,319.02",USD 684.59,11,99,,,55,,,71,5,4,19,2,3,2,0
2025-03-01,Store-015,University Area, Central ,Student Area,Small,244 units,191,184,162,53,22,10,269,1.1025,"$4,729.93",185.0,17.58,24.76,748,35.96,8874.55,2074.81,8,109,,,66,,,95,6,7,35,6,3,1,3
06/01/2025, STORE001 , North Tulsa ,NORTH,High Traffic,Large,326,375,328,292,143,24,29,524,1.6074,"$11,380.28",,21.72,30.35,1586 units,33.04,"16,501.89","$2,464.97",2,194,,,89,,,118,5,3,35,11,2,1,1
Nov 01 2022,STORE013,brookside,CENTRAL,Urban,Medium,298,174,126,92,68,35,12,241,0.8087,"$4,811.87",146.0,19.97,27.65,1100,21.91,"4,854.30",829.24,2,89,,,67,,,91,2,9,20,3,0,1,2
Jan 01 2022,STORE014,Memorial Corridor,SOUTH,High Traffic,Large,309,419,240,198,139,46,17,442,1.4304,"USD 12,473.19",495.0,28.22,29.77,1913,23.11,"$7,043.52","$1,436.88",6,153,,,119,,,167,1,0,47,9,2,1,2
01-Sep-2024,STORE017, Southwest Tulsa ,south,Suburban,Medium,305,173,99,77,60,23,7,189,0.6197,"USD 5,069.97",150.0,26.83,29.31,791,23.89,3615.39,"$1,294.20",11,80,,,42,,,62,8,4,20,2,1,0,1
2025-11-01, STORE015 ,university area,Central,Student Area,Small,263,206,154,117,61,22,10,247,0.9392,"10,496.92",,42.5,50.96,1283,19.25,"4,666.74",$977.41,2,98,,,60,,,89,0,8,32,4,0,1,2
01-Sep-2024,store001,NORTH TULSA,North,High Traffic,Large,313 units,273,207,168,108,30,27,372,1.1885,"$7,271.58",212.0,19.55,26.64,1452,25.62,"$6,990.62","$1,542.78",9,165,,,102,,,133,1,8,41,3,0,2,1
04/01/2022,store_013, Brookside ,Central,Urban,Medium,299,290,196,168,74,26,30,326,1.0903,5627.04,219.0,17.26,19.4,1169,27.89,"USD 6,621.86",1723.53,0,101,,,68,,,105,7,3,35,2,4,1,2
01-Aug-2023, STORE004 ,WEST TULSA,West,Retail Strip,Medium,292,234 units,166,151,71,17,22,276,0.9452,"$7,966.77",269.0,28.87,34.05,875,31.54,7410.78,$830.27,8,122,,,32,,,43,7,2,13,1,3,0,2
2022-06-01,STORE006,Riverside, South ,Retail Strip,Medium,283,290,200,148,61,30,13,304,1.0742,4469.74,208.0,14.7,15.41,1102,27.59,"USD 8,527.72","2,121.99",3,118,,,40,,,68,5,10,26,4,0,1,1
Dec 01 2022,store_019,RETAIL PLAZA,SUBURBAN,Retail Strip,Medium,257,220,175,133,60,16,21,272,1.0584,"USD 5,942.56",222.0,21.85,27.01,1094,24.86,"$6,304.71","$1,414.45",1,130,,,80,,,107,7,12,38,3,2,1,3
Feb 01 2022, STORE003 ,South TLSA,south,Neighborhood,Small,243,127,84,71,30,8,8,130,0.535,"$3,563.72",151.0,27.41,28.06,712,18.26,3964.86,1095.5,1,36,,,38,,,46,7,0,7,3,5,4,1
2021-08-01,Store-011,Airport Area, East ,Retail Strip,Medium,278,239,142,109,42,17,20,221,0.795,"USD 5,343.78",193.0,24.18,22.36,752,29.39,"USD 5,308.87","$1,636.93",6,119,,,64,,,82,6,5,22,4,3,0,0
2022-12-01,STORE013, Brookside ,CENTRAL,Urban,Medium,257,222,188,151,44,23,9,264,1.0272,"6,057.58",209.0,22.95,27.29,969,27.24,"5,937.15",1922.39,4,88,,,65,,,86,8,12,27 units,6,3,3,1
Sep 01 2023,store001,North TLSA,north,High Traffic,Large,315,309,197,147,89,38,11,335,1.0635,,276.0,26.01,28.2,1114,30.07,"USD 5,844.89","USD 2,426.14",6,113,,,46,,,73,0,5,27,12,2,0,3
12/01/2022,Store-012, Downtown ,Central,Urban,,297 units,268,190,153,97,21,21,329,1.1077,"6,008.43",231.0,18.26,22.42,1358,24.23,"7,714.58","2,164.62",4,140,,,72,,,112,2,0,47,4,2,0,1
01-Apr-2026,store005,MIDTOWN,central,Urban,Large,322,330,239,187,125,42,39,445,1.382,"$8,700.18",276.0,19.55,26.36,2097,21.22,"USD 6,730.87","USD 2,779.09",6,175,,,51,,,70,9,2,27,6,4,0,2
2023-04-01,STORE011,Airport Area,EAST,Retail Strip,Medium,256,302,176,152,99,43,24,342,1.3359,"$10,291.10",343.0,30.09,34.08,1573,21.74,"6,468.42","2,291.18",5,93,,,54,,,73,1,2,24,2,5,1,3
01-Nov-2024, STORE009 , Peoria Area ,south,Neighborhood,Medium,250,226,131,110,41,25,10,207,0.828,6386.02,283.0,30.85,28.26,760,27.24,4778.38,"1,001.32",9,106,,,30,,,45,8,6,14,3,1,0,0
01-Jan-2023,store_009,Peoria Area,South,,Medium,284,248,198,182,74,33,21,326,1.1479,"5,802.83",249.0,17.8,23.4,1291,25.25,"USD 7,987.18","USD 2,829.60",5,117,,,80,,,91,0,4,14 units,8,4,0,1
01/01/2026,STORE013,Brookside,central,Urban,Medium,266,304,239,173,79,45,13,376,1.4135,"10,346.54",327.0,27.52,34.03,1181,31.84,"USD 6,771.55","1,922.78",6,144,,,106,,,150,3,16,41,9,2,0,0
2021-08-01,store007,UNION AREA, West ,Neighborhood,Small,277,112,89,82,40,8,7,144,0.5199,"2,629.12",85.0,18.26,23.47,685,21.02,"USD 3,322.86","USD 1,106.51",9,47,,,43,,,60,4,2,20,1,2,4,0
01-Sep-2022,store_003, South Tulsa ,South,Neighborhood,Small,225,105,79,73,27,14,7,127,0.5644,"$2,275.98",59.0,17.92,21.68,620,20.48,"$3,236.25",811.05,3,53,,,19,,,34,1,3,15,3,2,1,4
01-Dec-2024, STORE015 ,University Area,Central,Student Area,Small,246,228,194,146,66,18,16,294,1.1951,8902.81,229.0,30.28,39.05,1036,28.38,"$6,150.69",593.08,10,90,,,65,,,82,2,6,24,7,2,0,0
01-Mar-2026,store_020,CENTRAL TULSA,CENTRAL,,Medium,305,218,182,145,46,29,28,285,0.9344,"10,460.08",282.0,36.7,47.98,1143,24.93,"7,547.66",2201.46,0,84,,,59,,,80,9,11,28,3,4,3,1
09/01/2023,store_020,Central TLSA,CENTRAL,Urban,Medium,272,188 units,159,148,43,25,13,240,0.8824,"6,825.79",220.0,28.44,36.31,801,29.96,"7,006.62","$1,632.13",0,74,,,60,,,67,5,0,14 units,3,3,1,1
01-Dec-2022,store004,West TLSA,west,Retail Strip,Medium,295,222,187,143,80,38,27,332,1.1254,"$5,174.94",137.0,15.59,23.31,1134,29.28,6864.39,"$2,573.17",1,127,,,64,,,98,2,12,31,4,1,2,2
01-Oct-2021,Store-007, Union Area ,West,Neighborhood,Small,250,154,124,100,42,21,15,202,0.808,"USD 5,508.20",163.0,27.27,35.77,861,23.46,5239.5,$443.53,4,46,,,53,,,73,2,0,21,4,5,0,0
10/01/2025,store_008, Admiral Area ,East,High Traffic,Large,312,434,328,264,69,68,34,499,1.5994,"12,192.24",339.0,24.43,28.09,1514,32.96,"$12,903.59","$1,904.47",2,150,,,120,,,168,5,14,52,7,0,0,0
Jul 01 2023,Store-009,Peoria Area,South,Neighborhood,Medium,303,193,157,113,62,31,12,262,0.8647,"3,007.52",141.0,11.48,15.58,1237,21.18,4583.75,"1,026.13",8,78,,,41,,,66,5,7,25,1,1,2,1
08/01/2021,Store-004,West Tulsa, West ,Retail Strip,Medium,288,225,157,141,47,29,17,250,0.8681,"3,233.81",144.0,12.94,14.37,1201,20.82,"USD 5,170.11",USD 585.11,9,68,,,70,,,83,9,6,11,6,4,1,1
02/01/2024,Store-012,downtown,CENTRAL,Urban,Large,310,318,200,151,110,40,25,375,1.2097,"USD 5,454.98",233.0,14.55,17.15,1629,23.02,"8,682.00",$790.86,8,112,,,84,,,124,0,12,51,8,2,1,0
02/01/2025,store_002,EAST TULSA,East,Neighborhood,Medium,279,218,156,119,51,19,23,249,0.8925,"5,597.11",163.0,22.48,25.67,1263,19.71,4708.34,2188.37,11,88,,,53,,,75,6,5,23,5,0,1,0
01-Oct-2021,store018,NORTHEAST TULSA, North ,Neighborhood,Small,233,90,68,57,18,12,5,103,0.4421,"$3,232.41",117.0,31.38,35.92,319,32.29,"2,372.20",659.95,4,57,,,28,,,39,0,5,14 units,3,1,3,0
01-Sep-2024,store_004,west tulsa,west,Retail Strip,Medium,307,250,169,144,71,29,15,284,0.9251,"$6,460.81",236.0,22.75,25.84,1285,22.1,6965.7,"USD 1,386.10",0,82,,,57,,,86,4,0,34,5,3,1,1
01-Feb-2022,Store-020,CENTRAL TULSA,CENTRAL,Urban,Medium,253,210,168,153,39,17,21,245,0.9684,"USD 4,601.18",144.0,18.78,21.91,884,27.71,"6,409.06",1387.82,8,92,,,60,,,76,7,7,24,9,3,0,0
Mar 01 2022,store014,Memorial Corridor,south,High Traffic,Large,297,466,347,317,80,46,16,489,1.6465,"$12,073.12",565.0,24.69,25.91,1500,32.6,"USD 17,026.96",2268.96,5,195,,,133,,,188,0,12,69,17,3,0,0
02/01/2026,STORE001,North Tulsa,NORTH,High Traffic,Large,294 units,304,210,181,60,48,21,339,1.1531,"USD 7,994.24",259.0,23.58,26.3,1103,30.73,"$6,860.61","2,162.78",0,134,,,96,,,127,9,0,27,4,4,3,2
01-Sep-2022,store_001,NORTH TULSA,north,High Traffic,Large,291,258,202,185,91,27,26,346,1.189,6705.43,199.0,19.38,25.99,983,35.2,"$6,748.81",2402.32,5,142,,,73,,,82,6,7,18,2,1,2,1
2021-07-01, STORE003 ,SOUTH TULSA, South ,Neighborhood,Small,244,114,70,62,26,17,9,122,0.5,"4,070.71",147.0,33.37,35.71,423,28.84,"$3,035.74",248.59,1,54,,,29,,,33,8,4,5,1,6,3,0
01-Nov-2021,STORE003,South Tulsa, South ,Neighborhood,Small,240,85,65,55,29,12,4,110,0.4583,3734.79,104.0,33.95,43.94,429,25.64,2549.72,$865.82,8,43,,,14,,,23,0,0,10,2,4,0,2
2024-06-01,STORE016,Industrial District,WEST,Neighborhood,Small,220,118,90,75,28,18,12,148,0.6727,"USD 2,636.68",79.0,17.82,22.34,414 units,35.75,"$3,062.17",400.56,9,40,,,30,,,36,0,0,10,1,4,1,0
01/01/2022, STORE007 ,Union Area,West,Neighborhood,Small,246,191,129,116,65,21,18,233,0.9472,"USD 6,171.74",190.0,26.49,32.31,967,24.1,4283.14,$556.33,1,69,,,53,,,63,8,3,17,6,2,1,1
2026-04-01,store015,UNIVERSITY AREA,central,Student Area,Small,239,182,156,137,71,32,15,274,1.1464,"USD 5,774.60",164.0,21.08,31.73,1120,24.46,"$5,533.25","1,124.96",11,107,,,39,,,52,1,9,19 units,5,1,2,1
2026-04-01,store003, South Tulsa , South ,Neighborhood,Small,248,107,68,59,21,14,6,109,0.4395,,139.0,50.47,51.41,328,33.23,"$3,324.58",USD 633.37,4,43,,,19,,,24,1,5,8,0,1,0,1
01-Oct-2025,Store-014,memorial corridor,South,High Traffic,Large,293,415,319,243,66,75,21,481,1.6416,"$12,041.26",413.0,25.03,29.02,1878,25.61,"13,898.91","$4,073.90",3,181,,,57,,,117,4,9,64,8,2,1,2
01-Aug-2022,store005,MIDTOWN,central,Urban,Large,322,301,260,208,103,29,25,417,1.295,6632.65,281.0,15.91,22.04,1735,24.03,"USD 10,118.06",1718.2,4,92,,,68,,,90,9,9,22,3,5,3,1
01-Jul-2024,Store-015,UNIVERSITY AREA,central,Student Area,Small,234,201,141,125,34,20,12,207,0.8846,"5,162.62",167.0,24.94,25.68,1072,19.31,"$4,753.45",USD 943.55,10,100,,,36,,,63,8,0,29,3,1,2,0
2021-11-01, STORE020 ,Central Tulsa, Central ,Urban,Medium,292,223,149,107,60,31,8,248,0.8493,11398.04,287.0,45.96,51.11,788,31.47,6194.2,"USD 1,350.95",1,107,,,40,,,54,5,9,17,6,3,0,0
09/01/2023, STORE002 ,EAST TULSA,EAST,Neighborhood,Medium,258,147,106,86,49,14,12,181,0.7016,"USD 5,315.97",135.0,29.37,36.16,748,24.2,"4,874.75","$1,046.65",0,64,,,35,,,56,7,5,25,4,0,3,1
Jan 01 2021,STORE002,East Tulsa,east,Neighborhood,Medium,293,176,141,123,46,29,13,229,0.7816,2652.66,99.0,11.58,15.07,772,29.66,"$7,065.52","$1,900.36",5,63,,,21,,,35,6,4,14,7,5,1,1
Jun 01 2021,store013,Brookside,CENTRAL,Urban,Medium,276,192,184,145,37,26,13,260,0.942,"2,833.58",109.0,10.9,14.76,798,32.58,8072.86,753.68,4,97,,,75,,,113,7,7,37,3,3,1,1
2023-11-01,STORE019,retail plaza,Suburban,Retail Strip,Medium,263,220,201,170,72,24,20,317,1.2053,"USD 3,059.35",135.0,9.65,13.91,1089,29.11,"$8,082.08","USD 1,569.60",10,129,,,60,,,82,5,10,25,6,1,2,0
2026-05-01, STORE002 , East Tulsa ,East,Neighborhood,Medium,253,206,127,94,60,15,17,219,0.8656,5269.72,188.0,24.06,25.58,670,32.69,"$5,208.81",USD 471.87,5,96,,,58,,,73,8,9,21 units,1,3,4,2
01-Dec-2024,Store-012,DOWNTOWN,CENTRAL,Urban,Large,299,291,198,157,116,48,36,398,1.3311,"11,079.07",309.0,27.84,38.07,1523,26.13,"$7,188.38","$3,136.85",4,152,,,111,,,133,1,12,18,11,1,2,2
12/01/2025,store_003,south tulsa,South,Neighborhood,Small,235,117,81,68,25,11,9,126,0.5362,2743.36,78.0,21.77,23.45,358,35.2,"USD 3,579.81",766.46,10,49,,,21,,,38,7,0,16,3,4,2,2
01/01/2026,store_011, Airport Area ,east,Retail Strip,Medium,262,269,228,201,81,50,29,388,1.4809,"$7,680.01",314.0,19.79,28.55,1622,23.92,7274.83,"USD 1,675.67",0,96,,,77,,,96,0,11,22,6,1,2,4
01-Nov-2022, STORE002 ,East TLSA,east,Neighborhood,Medium,284,164,134,116,31,14,15,194,0.6831,"5,640.85",196.0,29.08,34.4,797,24.34,"USD 5,662.45","$1,461.01",9,83,,,24,,,48,9,6,26,4,4,1,0
09/01/2025,store_017,southwest tulsa,south,Suburban,Medium,266,151,138,125,60,18,7,223,0.8383,"$7,565.99",197.0,33.93,50.11,631,35.34,"6,532.43","$1,517.05",7,61,,,57 units,,,72,0,4,16 units,3,2,1,1
2023-10-01,store004,WEST TULSA,WEST,Retail Strip,Medium,291,191,172,144,76,16,8,272,0.9347,"$7,428.89",207.0,27.31,38.89,793,34.3,7426.91,USD 952.55,11,76,,,28,,,44,4,2,19,4,2,0,3
2026-02-01, STORE008 ,admiral area, East ,High Traffic,Large,301,311,228,207,58,27,33,346,1.1495,"USD 15,494.76",400.0,44.78,49.82,1553,22.28,8828.39,"$2,210.99",2,121,,,82,,,138,4,9,51,9,1,1,2
01-Apr-2022,store018, Northeast Tulsa ,North,Neighborhood,Small,256,135,94,69,33,25,6,158,0.6172,"$4,981.49",169.0,31.53,36.9,476,33.19,"$2,865.04",839.08,9,80,,,27,,,30,0,5,7,4,1,2,1
Sep 01 2023,STORE009,Peoria Area,SOUTH,Neighborhood,Medium,252,188,143,106,63,16,17,239,0.9484,"$7,910.60",213.0,33.1,42.08,1036,23.07,3799.33,2111.56,6,87,,,43,,,60,7,9,20 units,5,5,2,0
12/01/2023,Store-010,Suburban Edge, Suburban ,Suburban,Small,233,67,57,46,13,8,2,80,0.3433,"2,348.10",,29.35,35.05,277,28.88,2037.76,421.38,11,19,,,21,,,24,3,3,4,0,4,0,1
2025-01-01,store_013,Brookside, Central ,Urban,Medium,282,271,168,130,95,29,17,309,1.0957,"4,986.95",177.0,16.14,18.4,910,33.96,"$6,891.30",661.08,3,118,,,63 units,,,98,4,7,42,5,3,1,1
01-Aug-2023,STORE008,ADMIRAL AREA,east,High Traffic,Large,331,305,257,189,94,38,14,403,1.2175,"5,173.56",192.0,12.84,16.96,1814,22.22,"$8,065.29",3274.99,9,138,,,57,,,94,1,7,36,10,1,0,1
08/01/2023,store013,Brookside,central,Urban,Medium,306,219,203,159,63,25,23,314,1.0261,"USD 5,360.00",189.0,17.07,24.47,1427,22.0,8299.9,"USD 2,189.25",7,125,,,75,,,104,5,7,29,3,6,0,0
Aug 01 2023, STORE012 ,Downtown,central,Urban,Large,336,269,160,147,82,22,27,291,0.8661,"$6,144.46",155.0,21.11,22.84,902,32.26,5564.24,"USD 2,564.62",0,97,,,62,,,75,7,12,19,2,3,2,1
Oct 01 2021, STORE017 , Southwest Tulsa ,South,Suburban,Medium,300,141,127,107,35,13,14,189,0.63,"$4,809.02",137.0,25.44,34.11,650,29.08,5490.91,650.42,2,59,,,54,,,68,4,1,19,0,5,2,0
Apr 01 2024,Store-016, Industrial District ,WEST,Neighborhood,Small,223,102,84,60,39,20,6,149,0.6682,4395.16,136.0,29.5,43.09,792,18.81,"$2,249.52","$1,148.60",0,53,,,32 units,,,38,7,5,7,4,0,0,1
Sep 01 2023,store006,Riverside,south,Retail Strip,Medium,276,283,193,168,95,31,20,339,1.2283,"10,432.05",363.0,30.77,36.86,1758,19.28,"USD 6,353.66","$1,012.19",11,97,,,82,,,104,0,3,24,8,5,1,1
2025-03-01, STORE013 ,brookside,Central,Urban,Medium,290,343 units,254,198,110,51,16,431,1.4862,7610.98,230.0,17.66,22.19,1313,32.83,"$7,951.97","2,630.39",3,93,,,76,,,110,8,10,36,1,0,0,2
2023-04-01, STORE017 ,Southwest Tulsa,South,Suburban,Medium,292,225,146,122,73,32,13,264,0.9041,"USD 4,067.59",167.0,15.41,18.08,1018,25.93,"6,811.55","USD 1,909.41",6,105,,,62,,,86,6,1,22,7,4,0,0
01-Nov-2023,STORE002,East TLSA,East,Neighborhood,Medium,294,161,119,89,42,16,8,185,0.6293,"USD 5,566.94",,30.09,34.58,548,33.76,"USD 3,351.19","1,223.60",7,87,,,19,,,38,2,0,19,3,3,2,1
May 01 2023, STORE018 ,Northeast Tulsa,north,Neighborhood,Small,256,157,99,79,51,18,9,177,0.6914,"$5,089.88",145.0,28.76,32.42,681,25.99,4528.59,"USD 1,494.51",0,61 units,,,44,,,67,3,4,22,1,3,0,3
01-Aug-2025,STORE010, Suburban Edge ,Suburban,Suburban,Small,279,74,55,50,14,9,6,84,0.3011,950.87,41.0,11.32,12.85,256,32.81,2131.68,712.54,2,29,,,18,,,21,1,0,5,0,3,1,1
Dec 01 2025,Store-004,West TLSA, West ,Retail Strip,Medium,263 units,240,229,167,48,33,23,333,1.2662,"11,995.52",320.0,36.02,49.98,1435,23.21,"USD 8,570.03","1,327.38",8,88,,,83,,,117,3,14,34,2,2,0,0
01-Mar-2023,STORE005, Midtown ,CENTRAL,Urban,Large,303,382,269,205,84,62,28,443,1.462,10654.61,361.0,24.05,27.89,1911,23.18,"8,440.84","$3,904.87",7,116,,,54,,,82,7,7,32,8,2,0,3
May 01 2025,STORE020,CENTRAL TULSA, Central ,Urban,Medium,257,249,174,150,86,43,22,325,1.2646,"USD 4,879.04",202.0,15.01,19.59,1013,32.08,"$6,496.55","2,152.04",7,137,,,69,,,92,2,0,33,5,2,1,0
2023-04-01,STORE001, North Tulsa ,north,High Traffic,Large,324,332,273,255,89,65,27,454,1.4012,"USD 9,832.60",331.0,21.66,29.62,2220,20.45,13119.82,926.65,8,188,,,95,,,139,4,18,38,15,1,1,1
12/01/2025,STORE015, University Area ,CENTRAL,Student Area,Small,277,244,161,138,72,16,9,258,0.9314,8964.94,265.0,34.75,36.74,850,30.35,"6,340.26",591.43,10,77,,,40 units,,,67,3,7,26,8,1,0,1
01-Feb-2024,store_009,Peoria Area,south,Neighborhood,Medium,308 units,270,177,160,84,27,13,301,0.9773,"5,303.48",225.0,17.62,19.64,1398 units,21.53,5885.65,1479.92,4,70,,,44,,,68,7,9,27,5,0,2,1
2026-03-01, STORE002 , East Tulsa , East ,Neighborhood,Medium,281,212,175,147,52,26,8,261,0.9288,"6,332.11",276.0,24.26,29.87,900,29.0,"$5,320.27",USD 749.47,10,64,,,73,,,84,9,6,21,3,0,0,1
01/01/2023,Store-005, Midtown , Central ,Urban,Large,305,344,264,194,119,48,19,450,1.4754,11621.93,388.0,25.83,33.78,1517,29.66,"$8,002.62","$3,304.39",2,121,,,109,,,142,4,11,47,6,4,1,3
05/01/2021,Store-016,industrial district,West,Neighborhood,Small,253,77,65,58,28,9,5,107,0.4229,2289.27,60.0,21.4,29.73,313,34.19,2155.32,USD 306.84,2,30,,,21,,,34,7,0,12,0,3,0,1
2025-04-01,Store-001,NORTH TULSA,North,High Traffic,Large,297,495,384,341,163,84,29,660,2.2222,"USD 14,869.69",493.0,22.53,30.04,1892,34.88,"USD 12,449.38","USD 3,211.21",7,202,,,60,,,88,8,5,36,0,2,2,0
2023-05-01,Store-004,West Tulsa,WEST,Retail Strip,Medium,258 units,297,180,150,80,37,21,318,1.2326,"$11,859.63",330.0,37.29,39.93,1053,30.2,"USD 5,435.70","$2,377.02",1,129,,,55,,,70,0,4,16,8,1,2,0
Feb 01 2024,store_003,South Tulsa,south,Neighborhood,Small,243,111,70,52,37,17,12,136,0.5597,"USD 2,184.38",73.0,16.06,19.68,505,26.93,"$1,945.99",$716.45,0,46 units,,,28,,,41,5,4,16,3,3,2,0
2024-08-01,store_004,West TLSA,west,Retail Strip,Medium,285,228,140,131,75,39,13,267,0.9368,"5,189.08",187.0,19.43,22.76,931,28.68,"5,295.27","$1,021.19",7,124,,,28,,,53,9,3,31,6,3,1,4
Sep 01 2024, STORE012 ,DOWNTOWN,Central,Urban,Large,304,260,222,176,92,45,31,390,1.2829,"$5,828.13",206.0,14.94,22.42,1576,24.75,8547.91,1784.97,8,120,,,62,,,81,4,4,27,9,3,2,2
2025-04-01, STORE019 ,Retail Plaza,Suburban,Retail Strip,Medium,303,336,201,160,91,40,17,349,1.1518,"$7,361.31",233.0,21.09,21.91,1080,32.31,"$7,641.35","USD 2,554.82",0,98,,,49,,,73,3,9,30,4,1,1,1
01-Nov-2021,store007,union area,West,Neighborhood,Small,230,113,102,88,30,22,10,164,0.713,"USD 4,126.29",127.0,25.16,36.52,855,19.18,"3,950.10","$1,211.42",0,70,,,30,,,39,1,2,12,4,0,2,2
2022-08-01, STORE013 ,BROOKSIDE,central,Urban,Medium,271,211,142,132,61,41,8,252,0.9299,6299.36,236.0,25.0,29.85,756,33.33,"$6,853.29","USD 1,243.62",3,130,,,32,,,51,2,6,20,4,5,1,1
04/01/2024,STORE015,University Area,Central,Student Area,Small,259,239,157,116,63,34,21,275,1.0618,4417.88,204.0,16.07,18.48,858,32.05,"$4,706.13",1006.53,10,105,,,53,,,79,5,12,30,5,5,1,1
Aug 01 2024,store011,airport area,east,Retail Strip,Medium,272,256,220,161,70,20,9,319,1.1728,5570.22,200.0,17.46,21.76,1276,25.0,"7,954.62","$1,760.96",8,119,,,77,,,93,7,4,14,7,4,1,1
Aug 01 2022,store018,Northeast Tulsa, North ,Neighborhood,Small,274,109,84,70,47,14,14,159 units,0.5803,"3,637.06",123.0,22.87,33.37,515,30.87,3452.17,985.29,1,72,,,28,,,34,5,4,8,0,1,3,0
01-Mar-2024,STORE007,union area,West,Neighborhood,Small,274,183,148,121,40,16,16,220,0.8029,"$6,133.65",244.0,27.88,33.52,844,26.07,5366.73,"USD 1,826.56",9,97,,,36,,,46,3,9,14,2,3,0,1
01-Feb-2026, STORE012 ,Downtown,central,Urban,,290,329,178,164,106,21,17,322,1.1103,"10,062.65",333.0,31.25,30.59,1526,21.1,"USD 7,584.99","USD 2,222.64",5,154,,,74,,,125,6,0,48,0,3,0,2
2025-04-01, STORE009 ,Peoria Area,South,Neighborhood,Medium,253,206,181,157,85,19,14,299,1.1818,"USD 7,103.79",178.0,23.76,34.48,1535,19.48,"USD 6,509.25",USD 702.14,5,134,,,35,,,58,9,3,21,3,2,1,2
09/01/2023, STORE003 , South Tulsa ,SOUTH,Neighborhood,Small,223,90,57,44,32,16,5,110,0.4933,3051.12,112.0,27.74,33.9,344,31.98,"$1,637.51",524.86,3,43,,,15,,,24,3,3,12,2,3,2,2
01-Jul-2023, STORE013 ,Brookside,Central,Urban,Medium,278,250,166,132,55,24,25,270,0.9712,"$8,099.01",306.0,30.0,32.4,996,27.11,"$5,412.97",756.3,11,89,,,64,,,69,4,2,12,1,5,0,0
01-Jan-2025, STORE001 ,North Tulsa,north,High Traffic,Large,327,374,282,228,125,33,32,472,1.4434,"8,778.00",418.0,18.6,23.47,1576,29.95,"$11,762.87","USD 3,280.66",9,227,,,50,,,91,4,4,48,7,3,0,1
2024-01-01,store006,Riverside,South,Retail Strip,Medium,269,356,214,176,103,59,19,395,1.4684,4695.31,200.0,11.89,13.19,1484,26.62,"USD 9,780.19","$2,153.74",4,124,,,89,,,113,8,3,35,11,2,3,3
Nov 01 2023,Store-004,West Tulsa,west,Retail Strip,Medium,299,227,145,110,42,34,25,246,0.8227,"6,799.99",177.0,27.64,29.96,1254,19.62,"4,237.42","$1,167.25",9,66,,,49,,,61,5,5,15,8,1,0,1
2021-05-01,store_019,Retail Plaza,suburban,Retail Strip,Medium,309,285,221,189,89,16,19,345,1.1165,13500.24,351.0,39.13,47.37,1328,25.98,8773.2,"$1,616.25",10,113,,,33,,,68,1,1,33,1,3,5,0
2024-05-01, STORE005 , Midtown , Central ,Urban,Large,308,358,285,238,68,50,15,418 units,1.3571,"13,713.56",425.0,32.81,38.31,1422,29.4,"10,292.87","USD 3,342.01",0,155,,,99,,,123,6,3,23,5,3,0,1
Sep 01 2022,Store-007, Union Area ,West,Neighborhood,Small,270,156,93,76,24,9,6,132,0.4889,4832.81,135.0,36.61,30.98,563 units,23.45,"3,114.40",386.93,1,57,,,43,,,47,4,5,9,5,1,0,0
Feb 01 2023,Store-003,South Tulsa,south,,Small,237,114,88,79,21,17,10,136,0.5738,"2,744.86",85.0,20.18,24.08,382,35.6,3242.83,553.65,0,32,,,36,,,46,9,4,9,0,2,0,5
2025-06-01,Store-012,Downtown,Central,Urban,Large,326,335 units,183,160,103,57,13,356,1.092,5584.48,184.0,15.69,16.67,1182,30.12,7615.0,1817.04,7,168,,,59,,,94,3,4,43,6,2,2,0
2025-05-01,STORE017,southwest tulsa,SOUTH,Suburban,Medium,299,233,172,158,75,27,17,291,0.9732,"$6,984.95",234.0,24.0,29.98,1608,18.1,"$8,063.04",961.81,7,84,,,33,,,51,8,7,19,7,1,1,0
2024-11-01, STORE010 ,SUBURBAN EDGE,SUBURBAN,Suburban,Small,221,77,44,35,18,4,3,69,0.3122,"1,269.23",48.0,18.39,16.48,208,33.17,"USD 1,672.77",$380.38,11,30 units,,,11,,,13,1,1,3,0,5,0,0
01-Mar-2024,store_020,central tulsa,CENTRAL,Urban,Medium,302,269,190,170,47,28,26,291,0.9636,"6,809.02",270.0,23.4,25.31,1263,23.04,"9,730.89",746.90,6,115,,,90,,,120,6,1,39,4,4,1,2
11/01/2021,Store-001,NORTH TULSA,NORTH,High Traffic,Large,308,230,208,157,90,42,25,365,1.1851,"6,702.98",200.0,18.36,29.14,1572,23.22,"USD 6,778.38","$3,159.07",3,88,,,32,,,67,5,3,32,6,2,2,2
07/01/2021,store015,University Area,Central,Student Area,Small,255,158,105,88,47,9,14,175,0.6863,4490.43,117.0,25.66,28.42,497,35.21,"USD 4,284.19",993.06,1,77,,,33,,,45,7,3,15,2,5,3,1
May 01 2025,Store-012,Downtown,central,Urban,Large,318,337,254,226,87,34,14,389,1.2233,"11,037.80",349.0,28.37,32.75,1435,27.11,"12,560.85","1,639.65",0,122,,,117,,,157,6,8,39,4,1,1,0
Mar 01 2021,STORE001,North Tulsa, North ,High Traffic,Large,293,411,299,254,82,41,16,438,1.4949,"$7,198.82",273.0,16.44,17.52,2341,18.71,"USD 13,330.11",2748.67,6,102,,,54,,,75,7,15,29,9,4,2,1
Mar 01 2025,store018,NORTHEAST TULSA,NORTH,Neighborhood,Small,248,146,106,84,45,18,11,180,0.7258,4464.25,187.0,24.8,30.58,907,19.85,"$3,001.03","1,268.55",0,52,,,36,,,47,3,7,10,3,2,1,0
12/01/2021,Store-011,Airport Area,EAST,Retail Strip,Medium,296,265,189,156,43,26,21,279,0.9426,"USD 3,801.70",153.0,13.63,14.35,907,,"USD 7,615.91","USD 2,409.23",5,116,,,34,,,78,4,13,42,5,2,1,0
Jul 01 2022, STORE019 ,RETAIL PLAZA,SUBURBAN,Retail Strip,Medium,268,236,179,137,48,26,24,277,1.0336,"10,121.97",256.0,36.54,42.89,1074,25.79,"$6,057.49",1738.89,7,120,,,74,,,110,3,9,32,2,2,2,2
Mar 01 2022,Store-009,PEORIA AREA,South,Neighborhood,Medium,286,254,144,109,83,42,20,289,1.0105,"$8,107.95",328.0,28.06,31.92,1471 units,19.65,"USD 5,109.47","USD 1,341.63",7,100,,,43,,,57,2,8,15,7,4,0,0
09/01/2022, STORE019 ,retail plaza,SUBURBAN,Retail Strip,Medium,300,171,156,121,45,21,17,239,0.7967,"4,080.94",143.0,17.08,23.87,872,27.41,"5,155.27",USD 887.68,4,72,,,45,,,67,1,4,22,1,1,1,2
Aug 01 2022,store012,Downtown,Central,Urban,Large,337,239,185,152,71,36,15,307,0.911,"$7,714.11",308.0,25.13,32.28,874,35.13,5609.12,1005.06,4,100,,,58,,,90,3,13,34,10,1,1,2
06/01/2023,STORE013,Brookside,Central,Urban,Medium,303 units,266,175,153,82,50,16,323,1.066,"$6,505.74",239.0,20.14,24.46,1352,23.89,"$5,540.87","USD 1,762.41",3,113,,,61,,,105,7,8,41,1,4,1,1
01-Nov-2025,STORE003,SOUTH TULSA,South,Neighborhood,Small,228,100,84,71,23,8,12,127,0.557,"$2,663.23",75.0,20.97,26.63,612,20.75,2581.22,644.32,7,45,,,29,,,37,1,6,13,4,2,1,1
01-Jul-2025, STORE007 ,Union Area, West ,Neighborhood,Small,275,141,117,92,32,19,6,174,0.6327,"$2,180.34",93.0,12.53,15.46,488,35.66,"$4,058.50","1,213.10",8,48,,,28,,,47,4,0,22,4,1,1,3
Sep 01 2023,Store-008,admiral area,East,High Traffic,Large,336,372,249,188,78,48,15,390,1.1607,,439.0,28.69,30.08,1198,32.55,8067.82,"2,293.25",6,186,,,59,,,102,5,0,51,5,4,2,2
Oct 01 2025,store_013,Brookside,Central,Urban,Medium,263,232,193,178,53,40,24,310,1.1787,5574.74,202.0,17.98,24.03,1158,26.77,"$9,859.81","$2,292.13",9,144,,,89,,,111,1,0,25,4,0,2,0
Mar 01 2023,STORE001, North Tulsa ,NORTH,High Traffic,Large,332,443,251,211,133,50,36,470,1.4157,"$16,160.62",416.0,34.38,36.48,1308,35.93,"$8,661.22",3533.59,7,155,,,127,,,186,9,5,62,11,6,0,0
04/01/2021,store005, Midtown , Central ,Urban,Large,292,284,225,190,87,25,11,348,1.1918,"USD 13,246.03",340.0,38.06,46.64,1243,28.0,9585.56,"USD 3,118.08",2,111,,,95,,,122,5,2,32,1,2,3,1
01/01/2021, STORE015 ,university area,CENTRAL,Student Area,Small,284,202,123,107,61,28,19,231,0.8134,4994.64,,21.62,24.73,1090,21.19,"USD 5,046.68","USD 1,879.85",4,62,,,44,,,65,8,5,22,0,3,0,2
01-Dec-2025,Store-001,north tulsa,North,High Traffic,Large,334,353 units,284,244,122,37,19,462,1.3832,"$9,568.62",429.0,20.71,27.11,1826,25.3,"$8,557.83","2,836.47",4,218,,,122,,,141,2,5,22,14,6,0,0
Jun 01 2025,store005,Midtown,CENTRAL,Urban,Large,308,331,219,186,75,47,34,375,1.2175,"5,552.23",247.0,14.81,16.77,1777,21.1,7386.19,"1,945.21",7,116,,,87,,,131,7,5,54,9,3,0,1
01/01/2023,store_013,Brookside, Central ,Urban,Medium,275,242,188,136,77,19,27,311,1.1309,"USD 9,233.86",324.0,29.69,38.16,964,32.26,7744.74,$839.58,10,82,,,33,,,53,6,7,20,2,1,0,4
2022-07-01, STORE020 ,Central Tulsa, Central ,Urban,Medium,308,236,144,129,68,28,18,258,0.8377,"3,390.49",139.0,13.14,14.37,842,30.64,5900.19,1213.31,7,99,,,41,,,51,5,3,13,1,2,1,1
Oct 01 2021,store008, Admiral Area ,EAST,High Traffic,Large,335,293,221,192,57,29,30,337 units,1.006,"$8,672.27",257.0,25.73,29.6,1182,28.51,"10,944.24","$1,049.37",4,163,,,42,,,57,4,13,16,9,3,4,1
01-Mar-2024,Store-004,west tulsa,West,Retail Strip,Medium,300,275,207,168,114,33,14,368,1.2267,"10,521.44",282.0,28.59,38.26,1680,21.9,"USD 8,157.32","2,867.65",10,103,,,55,,,85,7,10,32,11,4,2,0
2021-11-01, STORE017 ,Southwest Tulsa,south,Suburban,Medium,290,137,117,99,52,12,7,188,0.6483,"USD 3,386.49",118.0,18.01,24.72,996 units,18.88,4439.92,"1,089.36",11,46,,,31,,,49,6,5,19,1,2,0,1
2024-04-01,store012, Downtown , Central ,Urban,Large,297,348,258,241,92,41,12,403,1.3569,"5,105.86",241.0,12.67,14.67,2104,19.15,"USD 9,977.50","$2,931.41",5,117,,,91,,,103,9,6,17,8,4,2,0
Jun 01 2025,STORE017,Southwest Tulsa,South,Suburban,Medium,277,179,121,93,41,14,8,184,0.6643,"$5,412.99",167.0,29.42,30.24,550,33.45,"$3,516.29",$666.26,11,65,,,36,,,47,0,4,12,1,3,1,3
01-Aug-2024,store019, Retail Plaza ,Suburban,Retail Strip,Medium,268,222,160,133,73,43,21,297,1.1082,"$7,535.33",223.0,25.37,33.94,1392,21.34,"USD 4,721.39","1,828.59",2,112,,,59,,,82,4,11,25,3,6,0,1
05/01/2022,store_018,Northeast Tulsa, North ,Neighborhood,Small,271,122,100,89,47,9,7,163,0.6015,2597.29,84.0,15.93,21.29,499 units,32.67,"5,123.12",USD 915.39,11,70,,,43,,,58,7,3,15,4,0,1,1
12/01/2023,store_020, Central Tulsa , Central ,Urban,Medium,279,227,191,166,52,33,8,284,1.0179,4130.38,141.0,14.54,18.2,1268,22.4,"USD 8,755.13",USD 878.87,2,118,,,47,,,63,8,10,18,5,4,2,1
01-Mar-2022,store016,Industrial District,West,Neighborhood,Small,237,93,78,60,28,7,9,122,0.5148,"USD 1,326.18",55.0,10.87,14.26,366,33.33,"$2,669.28","USD 1,031.90",9,43,,,19,,,35,8,3,16 units,4,3,1,1
03/01/2025,store_017,Southwest TLSA,South,Suburban,Medium,252,212,182,158,40,23,16,261,1.0357,"7,596.99",201.0,29.11,35.83,1141,22.87,"8,415.89","USD 2,132.89",7,70,,,63,,,75,1,5,12,5,3,1,1
Nov 01 2022,Store-016,industrial district, West ,Neighborhood,Small,261,66,51,43,14,9,5,79,0.3027,"USD 2,036.93",55.0,25.78,30.86,231,34.2,"USD 1,868.29",256.96,6,28,,,22,,,30,8,0,7,0,2,1,2
01-May-2024,Store-016,industrial district, West ,Neighborhood,Small,265,105,99,91,46,8,10,163,0.6151,"$4,009.15",137.0,24.6,38.18,652,25.0,"3,412.33",$962.18,3,33,,,40,,,49,3,2,15,1,4,3,1
Feb 01 2022,STORE010,SUBURBAN EDGE, Suburban ,Suburban,Small,243,78,52,43,20,9,5,86,0.3539,"$3,121.02",96.0,36.29,40.01,394,21.83,"USD 2,001.88",438.47,6,22,,,17,,,26,7,1,11,0,5,2,2
01-Feb-2025, STORE016 ,Industrial District,WEST,Neighborhood,Small,263,94,64,55,27,9,8,108,0.4106,"2,669.80",76.0,24.72,28.4,391,27.62,3148.24,323.35,1,50,,,22,,,28,8,0,6,4,4,0,0
Nov 01 2021,store002,east tulsa,East,Neighborhood,Medium,269,169,110,82,51,24,9,194,0.7212,"$3,748.63",147.0,19.32,22.18,600,32.33,4281.9,"$1,647.53",6,66,,,26,,,36,4,4,10,1,2,1,2
01-Sep-2021,store002,east tulsa,East,Neighborhood,Medium,253,148,92,75,35,21,11,159,0.6285,"$3,456.55",146.0,21.74,23.36,472,33.69,4093.0,$626.12,3,46,,,23,,,39,6,0,17,4,3,0,0
01/01/2024,store010,Suburban Edge,suburban,Suburban,,228,89,72,60,24,10,9,115,0.5044,"3,006.60",109.0,26.14,33.78,439,26.2,2545.33,951.62,4,26,,,30,,,35,9,4,9,2,4,1,1
2022-09-01,Store-002,EAST TULSA,EAST,Neighborhood,Medium,286,152,100,81,42,29,14,185,0.6469,5497.94,168.0,29.72,36.17,778,23.78,"$4,216.93",1257.81,3,75,,,41,,,65,6,7,23,5,1,1,0
2023-12-01, STORE003 ,south tulsa, South ,Neighborhood,Small,279,104,100,78,33,8,13,154,0.552,"$1,979.52",74.0,12.85,19.03,480,32.08,"4,364.24","1,068.07",3,33,,,35,,,39,0,6,7,0,5,0,1
01-Sep-2025,store010,Suburban Edge,suburban,Suburban,Small,281,65,50,36,19,6,4,79,0.2811,"$2,604.16",74.0,32.96,40.06,267,29.59,"$1,262.18",$436.62,0,33,,,14,,,20,3,2,6,2,7,3,0
2023-05-01,store006,RIVERSIDE,SOUTH,Retail Strip,Medium,268,346,263,226,84,39,31,417,1.556,7859.9,274.0,18.85,22.72,1519,27.45,9767.09,1666.95,11,106,,,51,,,73,5,1,26,0,3,0,1
2025-04-01,store_002,EAST TULSA, East ,Neighborhood,Medium,273,183,148,121,41,30,7,226,0.8278,"USD 4,865.18",135.0,21.53,26.59,1076,21.0,4731.34,"1,179.49",3,65,,,38,,,45,0,2,10,6,3,0,0
2025-04-01,store006, Riverside , South ,Retail Strip,Medium,286,390,259,217,74,46,35,414,1.4476,9943.88,473.0,24.02,25.5,1429,28.97,"$9,433.81","USD 1,490.28",7,163 units,,,107,,,145,2,7,33,5,1,0,1
Aug 01 2025,store_005,Midtown,CENTRAL,Urban,Large,299,341 units,212,181,102,29,34,377,1.2609,11802.13,321.0,31.31,34.61,1826,20.65,8608.63,"$2,582.50",11,167,,,81,,,90,4,10,16,1,3,2,1
Nov 01 2021,store_006,riverside, South ,Retail Strip,Medium,262,281,169,146,51,42,25,287,1.0954,"$8,181.55",359.0,28.51,29.12,910,31.54,"5,730.06",2096.69,2,124,,,38,,,56,2,9,18,3,4,1,1
02/01/2021, STORE015 , University Area ,CENTRAL,Student Area,Small,279,158,120,90,57,18,7,202,0.724,"4,186.16",112.0,20.72,26.49,819,24.66,"USD 4,501.19","USD 1,202.44",9,50,,,24,,,38,7,1,19,0,3,2,2
01-Mar-2024,store016,industrial district,west,Neighborhood,Small,254,115,76,71,30,19,10,135,0.5315,"$1,602.19",68.0,11.87,13.93,466,28.97,"USD 2,891.48",$560.00,8,58,,,17,,,28,9,2,11,1,3,1,0
2023-02-01,STORE009,Peoria Area, South ,Neighborhood,Medium,263,253,142,129,65,40,8,255,0.9696,"5,166.44",204.0,20.26,20.42,1153 units,22.12,"$6,592.10","$1,395.26",0,108,,,39,,,51,7,11,17,4,1,3,0
09/01/2023,Store-010, Suburban Edge ,suburban,Suburban,Small,223,67,53,39,23,5,3,84,0.3767,"1,604.36",58.0,19.1,23.95,307,27.36,"1,812.23",USD 560.96,6,28,,,17,,,25,5,0,7,0,5,2,2
May 01 2021,store012,Downtown,central,Urban,Large,306,270,189,171,102,47,13,351,1.1471,"10,796.63",297.0,30.76,39.99,1777,19.75,8742.15,"2,997.60",5,109,,,68,,,82,6,5,19,9,2,3,0
09/01/2024,store018, Northeast Tulsa ,NORTH,Neighborhood,Small,282,99,69,62,20,17,9,115,0.4078,"3,659.59",131.0,31.82,36.97,393,,"2,965.61",864.17,11,34,,,29,,,43,3,0,17,0,2,3,1
2023-05-01,store_005,Midtown, Central ,Urban,Large,290,314,251,181,97,43,26,417,1.4379,5508.74,200.0,13.21,17.54,1603,26.01,"USD 10,165.17","USD 3,137.56",7,188,,,77,,,93,6,8,16,5,2,0,0
03/01/2024,Store-017,Southwest TLSA,South,Suburban,Medium,260,167,160,117,59,31,13,263,1.0115,"USD 2,409.77",110.0,9.16,14.43,909,28.93,6651.61,"1,886.05",5,110,,,50 units,,,60,4,8,15,0,4,3,0
2022-01-01, STORE002 , East Tulsa ,EAST,Neighborhood,Medium,278,193,142,126,53,13,22,230,0.8273,9155.72,242.0,39.81,47.44,641,35.88,"$6,395.15","1,570.03",0,106,,,37,,,50,4,7,17,0,3,1,1
01/01/2021,store014,MEMORIAL CORRIDOR,SOUTH,High Traffic,Large,309,380,254,187,91,52,22,419,1.356,"16,922.02",453.0,40.39,44.53,2038,20.56,"USD 10,233.33",1820.77,6,207,,,117,,,152,0,2,34,7,2,1,0
2022-04-01,Store-016, Industrial District , West ,Neighborhood,Small,261,100,73,65,16,15,3,107,0.41,"$1,992.87",82.0,18.62,19.93,543,19.71,3267.23,890.61,4,34,,,34,,,38,8,3,6,2,1,3,0
07/01/2023,Store-001,north tulsa,NORTH,High Traffic,Large,307,304,193,159,67,41,17,318,1.0358,6852.76,237.0,21.55,22.54,887,35.85,"$9,072.77","1,660.00",7,153,,,78,,,132,6,15,50,9,0,1,0
2022-08-01,Store-008,admiral area,east,High Traffic,Large,300,320,223,174,111,44,14,392,1.3067,"$7,975.80",313.0,20.35,24.92,1105,35.48,"7,157.53","USD 2,621.75",5,109 units,,,88,,,112,8,12,21,4,3,1,1
09/01/2021,Store-007,UNION AREA, West ,Neighborhood,Small,268,152,101,94,28,9,14,152,0.5672,"$2,801.77",89.0,18.43,18.43,508,29.92,3802.74,"$1,138.72",11,75,,,48,,,69,8,3,20,5,1,0,0
2024-07-01,Store-001,north tulsa,North,High Traffic,Large,315,327,280,207,79,31,34,424,1.346,8246.27,353.0,19.45,25.22,1788,,"$8,065.03","2,709.36",7,106,,,40,,,68,5,16,28,9,2,1,1
01-Feb-2021,STORE001,North TLSA, North ,High Traffic,Large,321,294,214,170,66,40,31,351,1.0935,"14,455.37",379.0,41.18,49.17,1091,32.17,"$6,809.21",2486.51,7,142,,,96,,,131,0,4,49,5,2,1,2
Sep 01 2023,store_007, Union Area ,West,Neighborhood,Small,231,174,108,100,26,12,9,155,0.671,"$3,674.41",165.0,23.71,21.12,729,21.26,5750.72,560.15,2,63,,,34,,,48,6,2,19,4,1,1,1
01-Oct-2025, STORE015 , University Area , Central ,Student Area,Small,251,191,143,116,65,25,14,247,0.9841,"$3,548.19",147.0,14.37,18.58,802,30.8,"5,102.38","USD 2,053.41",8,76,,,23,,,37,3,1,13,1,3,1,2
Jun 01 2024,store_012,Downtown,central,Urban,Large,295,294,189,139,56,22,18,285,0.9661,"8,618.49",221.0,30.24,29.31,883,32.28,"$5,297.69","1,760.92",8,111,,,102,,,139,9,15,32,1,1,1,3
Apr 01 2026, STORE008 ,admiral area,East,High Traffic,Large,328,476,346,283,132,59,30,567,1.7287,"14,178.41",448.0,25.01,29.79,1699,33.37,"$16,326.64","$1,180.19",0,268,,,171,,,231,2,20,71,3,0,2,2
05/01/2023,Store-003, South Tulsa ,South,Neighborhood,Small,261,151,80,73,29,13,7,129,0.4943,4238.32,132.0,32.86,28.07,520,24.81,"USD 3,834.18",1044.17,3,65,,,36,,,50,9,1,12,1,1,1,0
2024-10-01,STORE002,East TLSA,East,Neighborhood,Medium,262,167,139,119,36,31,13,219,0.8359,"$6,208.46",201.0,28.35,37.18,921,23.78,5070.41,1589.58,8,97,,,36,,,54,3,7,24,4,4,2,1
Nov 01 2023,Store-007,Union Area, West ,Neighborhood,Small,227,146,135,110,32,15,15,197,0.8678,6160.74,190.0,31.27,42.2,1061,18.57,"$5,917.32","$1,113.34",1,52,,,37,,,46,1,2,13,4,2,3,0
2024-12-01,STORE018,Northeast Tulsa,north,Neighborhood,Small,239,157,120,107,40,20,11,191,0.7992,"USD 7,168.26",206.0,37.53,45.66,722,26.45,"$4,540.67","1,528.93",2,79,,,35,,,42,8,4,8,6,0,3,0
2021-10-01,Store-010,SUBURBAN EDGE, Suburban ,Suburban,Small,271,53,35,26,17,5,2,59,0.2177,"USD 1,928.65",52.0,32.69,36.39,189,31.22,"$1,146.62",USD 493.13,7,13,,,11,,,18,4,0,8,0,0,2,1
2025-01-01,Store-016,Industrial District, West ,Neighborhood,Small,252,112 units,84,63,20,16,9,129 units,0.5119,"USD 2,300.17",102.0,17.83,20.54,624,20.67,"2,576.24",656.75,0,62,,,29,,,33,6,5,8,0,4,2,3
2023-11-01,store_020,Central TLSA,CENTRAL,Urban,Medium,280,217,182,162,54,18,10,264,0.9429,"3,527.84",128.0,13.36,16.26,853,30.95,6018.51,1217.04,5,96,,,55,,,81,7,10,30,9,3,0,2
01-Feb-2023, STORE011 ,Airport Area,east,Retail Strip,Medium,292,271,144,119,46,35,9,234,0.8014,7554.52,322.0,32.28,27.88,1198,19.53,"$6,822.97","USD 1,152.59",7,102,,,74,,,105,8,10,36,4,0,0,2
Jul 01 2025,STORE003,South Tulsa,South,Neighborhood,Small,220,103,98,83,43,7,13,161,0.7318,"USD 2,019.22",68.0,12.54,19.6,493,,"USD 4,474.40","1,319.78",6,32,,,17,,,26,0,1,9,0,7,2,2
Dec 01 2022,store_015,University Area, Central ,Student Area,Small,222,199,125,113,58,36,13,232,1.045,"$4,841.68",154.0,20.87,24.33,781,,"$6,102.76","1,770.55",1,98,,,32,,,49,3,5,16,3,3,2,0
2024-07-01,STORE017,Southwest Tulsa,South,Suburban,Medium,253,191,145,132,61,21,15,242,0.9565,"$3,658.06",172.0,15.12,19.15,976,24.8,"USD 5,855.49","1,946.28",7,74,,,23,,,39,6,2,15,2,2,1,0
01-Feb-2024,Store-008,ADMIRAL AREA,East,High Traffic,Large,317,346,266,233,150,55,30,501,1.5804,"12,453.26",315.0,24.86,35.99,1509,33.2,"12,457.45","2,964.12",10,110,,,72,,,109,8,2,37,5,3,2,0
2022-01-01,store013,Brookside,CENTRAL,Urban,Medium,298 units,267,158,138,88,23,12,281 units,0.943,"10,276.83",281.0,36.57,38.49,1359,20.68,"5,018.96","$2,510.52",4,125,,,62,,,88,8,0,36,2,0,2,0
01-Feb-2021,STORE002,East Tulsa, East ,Neighborhood,Medium,279,189,133,121,51,12,19,215,0.7706,"7,917.66",199.0,36.83,41.89,1112 units,19.33,"USD 5,806.31","1,046.52",4,66,,,53,,,75,6,2,26,0,2,0,0
01-Nov-2022,Store-020,central tulsa,Central,Urban,Medium,259,200,133,115,76,19,23,251,0.9691,"$6,685.14",179.0,26.63,33.43,958,26.2,6399.97,"2,220.27",9,64 units,,,66,,,89,0,7,26,1,4,0,1
2025-12-01, STORE005 , Midtown ,CENTRAL,Urban,Large,296,337,274,215,139,45,36,494,1.6689,"USD 10,555.68",322.0,21.37,31.32,1815,27.22,"USD 8,872.99","USD 3,707.22",10,130,,,78,,,133,6,1,54,8,5,1,0
01-Feb-2022,store_017,SOUTHWEST TULSA, South ,Suburban,Medium,270,186,113,87,36,23,10,182,0.6741,7914.27,232.0,43.48,42.55,554,32.85,"$3,783.20",682.18,7,90,,,20,,,39,6,4,22,0,2,2,0
2024-12-01,STORE016,industrial district,WEST,Neighborhood,Small,248,111,78,66,23,12,6,119,0.4798,"1,827.95",65.0,15.36,16.47,482,24.69,2339.8,USD 489.59,2,41,,,28,,,33,5,3,5,1,3,1,2
2026-01-01,Store-016,INDUSTRIAL DISTRICT, West ,Neighborhood,Small,234,96,82,60,26,8,9,125,0.5342,"USD 2,460.68",72.0,19.69,25.63,611,20.46,"3,099.62",$305.98,7,34,,,26,,,41,6,5,17,3,0,0,2
2022-08-01, STORE006 ,riverside,south,Retail Strip,Medium,297,233,194,176,48,39,29,310,1.0438,"$6,104.68",256.0,19.69,26.2,954,32.49,"$6,919.60","USD 2,635.05",0,94,,,80,,,101,4,8,23,1,2,2,2
May 01 2024,STORE006,Riverside, South ,Retail Strip,Medium,271,307,286,240,92,51,21,450,1.6605,"USD 12,966.09",325.0,28.81,42.23,2287,19.68,"9,811.63","3,266.93",8,174,,,102,,,116,2,15,18,5,1,0,1
2022-06-01,store004,West TLSA,west,Retail Strip,Medium,252,241,173,157,81,17,13,284,1.127,"USD 4,312.55",198.0,15.19,17.89,1094,25.96,"USD 8,264.43","$2,490.57",6,92,,,65,,,84,8,2,22,6,2,1,0
Mar 01 2024, STORE010 ,Suburban Edge,Suburban,Suburban,Small,236,86,58,51,20,16,4,98,0.4153,2591.64,70.0,26.45,30.14,289,33.91,"2,425.14",$274.04,5,51,,,22,,,35,6,3,15,3,3,0,0
2021-07-01,Store-011,airport area, East ,Retail Strip,Medium,294,248,191,161,82,28,26,327,1.1122,5599.92,231.0,17.13,22.58,1728 units,18.92,"USD 9,152.36","2,796.94",4,79,,,71,,,87,3,7,24,4,1,0,2
01-Aug-2024,store012,Downtown,CENTRAL,Urban,Large,306,252,169,151,55,51,11,286,0.9346,"4,862.15",142.0,17.0,19.29,1094,26.14,7895.98,"$1,654.62",5,144,,,37,,,53,0,5,16,11,3,2,4
2025-09-01,store_004,West Tulsa,West,Retail Strip,Medium,278,213,184,137,52,27,15,278,1.0,"$5,239.50",221.0,18.85,24.6,955,29.11,"USD 6,445.70",1727.46,6,78,,,53,,,64,1,4,14,5,1,1,0
05/01/2021,Store-008,ADMIRAL AREA, East ,High Traffic,Large,303,411,280,246,84,30,43,437,1.4422,"$13,637.48",521.0,31.21,33.18,1290,33.88,"12,904.96","USD 3,545.29",10,137,,,101,,,126,7,6,38,5,0,1,0
05/01/2022,Store-011, Airport Area ,East,Retail Strip,Medium,289,285,233,214,57,22,33,345,1.1938,11077.38,374.0,32.11,38.87,1721,20.05,"8,000.74",969.21,5,91,,,46,,,66,6,12,25,9,2,1,0
2026-02-01,Store-019, Retail Plaza ,Suburban,Retail Strip,Medium,271,250,183,135,71,49,12,315,1.1624,"USD 6,088.36",162.0,19.33,24.35,940,33.51,"USD 6,790.24",2536.76,0,114,,,87,,,93,7,9,17,6,1,1,1
Dec 01 2022, STORE007 ,union area,west,Neighborhood,Small,244,171,133,110,60,30,13,236,0.9672,5231.76,169.0,22.17,30.6,747,31.59,"USD 4,455.54",USD 978.01,5,60,,,38 units,,,58,7,1,23,0,2,4,2
01-Jul-2021,Store-002,East Tulsa,east,Neighborhood,Medium,277,184,107,90,62,16,15,200,0.722,3398.74,120.0,16.99,18.47,1049,19.07,"USD 3,448.83","USD 1,642.03",0,85,,,59,,,79,5,9,22 units,0,5,0,1
05/01/2025,STORE005,MIDTOWN,Central,Urban,Large,336,413,258,204,73,61,27,419,1.247,"8,578.57",349.0,20.47,20.77,1252,33.47,7249.1,"$2,886.12",0,205,,,125,,,152,4,17,33,7,2,1,0
07/01/2025,Store-016,Industrial District,West,Neighborhood,Small,240,107,62,56,35,9,11,117,0.4875,"USD 2,186.68",75.0,18.69,20.44,393,29.77,"$2,739.81",299.26,1,33,,,33,,,36,2,0,5,2,0,1,0
Sep 01 2025,store011,AIRPORT AREA, East ,Retail Strip,Medium,308,272,161,151,56,40,28,285,0.9253,10277.92,273.0,36.06,37.79,1014,28.11,"8,554.73","USD 2,525.87",11,106 units,,,95,,,133,7,3,38,3,2,1,0
01-May-2026,Store-015,University Area,CENTRAL,Student Area,Small,243,230,185,160,61,29,19,294,1.2099,"$6,951.70",175.0,23.65,30.22,909,32.34,"USD 7,104.03",USD 958.79,6,80,,,32,,,59,7,2,34,4,1,1,1
01-Aug-2024, STORE001 ,North Tulsa,North,High Traffic,Large,335,273,244,188,96,53,24,417,1.2448,"USD 11,149.78",367.0,26.74,40.84,2291,18.2,"7,600.20","USD 1,013.64",5,129,,,104,,,151,6,2,50,12,6,0,2
Sep 01 2025,Store-007,union area,WEST,Neighborhood,Small,271,142,116,106,28,24,7,175,0.6458,"3,546.77",103.0,20.27,24.98,672,26.04,"$6,136.67",785.45,8,40,,,28,,,46,7,0,20,0,6,2,1
